customer_id,cluster,cluster_label
CUS1,0,Mainstream customer
CUS10,0,Mainstream customer
CUS100,0,Mainstream customer
CUS1000,1,Discount customer
CUS10000,1,Discount customer
CUS1001,0,Mainstream customer
CUS1002,1,Discount customer
CUS1003,0,Mainstream customer
CUS1004,0,Mainstream customer
CUS1005,1,Discount customer
CUS1006,1,Discount customer
CUS1007,1,Discount customer
CUS1008,1,Discount customer
CUS1009,0,Mainstream customer
CUS101,0,Mainstream customer
CUS1010,0,Mainstream customer
CUS1011,1,Discount customer
CUS1012,2,Premium Bremen Niche
CUS1013,1,Discount customer
CUS1014,0,Mainstream customer
CUS1015,0,Mainstream customer
CUS1016,0,Mainstream customer
CUS1017,0,Mainstream customer
CUS1018,0,Mainstream customer
CUS1019,1,Discount customer
CUS102,1,Discount customer
CUS1020,1,Discount customer
CUS1021,1,Discount customer
CUS1022,1,Discount customer
CUS1023,0,Mainstream customer
CUS1024,1,Discount customer
CUS1025,0,Mainstream customer
CUS1026,2,Premium Bremen Niche
CUS1027,0,Mainstream customer
CUS1028,1,Discount customer
CUS1029,0,Mainstream customer
CUS103,0,Mainstream customer
CUS1030,1,Discount customer
CUS1031,1,Discount customer
CUS1032,1,Discount customer
CUS1033,0,Mainstream customer
CUS1034,0,Mainstream customer
CUS1035,0,Mainstream customer
CUS1036,0,Mainstream customer
CUS1037,1,Discount customer
CUS1038,1,Discount customer
CUS1039,0,Mainstream customer
CUS104,0,Mainstream customer
CUS1040,0,Mainstream customer
CUS1041,0,Mainstream customer
CUS1042,1,Discount customer
CUS1043,0,Mainstream customer
CUS1044,2,Premium Bremen Niche
CUS1045,1,Discount customer
CUS1046,0,Mainstream customer
CUS1047,0,Mainstream customer
CUS1048,1,Discount customer
CUS1049,1,Discount customer
CUS105,0,Mainstream customer
CUS1050,0,Mainstream customer
CUS1051,0,Mainstream customer
CUS1052,1,Discount customer
CUS1053,1,Discount customer
CUS1054,0,Mainstream customer
CUS1055,0,Mainstream customer
CUS1056,0,Mainstream customer
CUS1057,1,Discount customer
CUS1058,0,Mainstream customer
CUS1059,1,Discount customer
CUS106,0,Mainstream customer
CUS1060,0,Mainstream customer
CUS1061,0,Mainstream customer
CUS1062,1,Discount customer
CUS1063,0,Mainstream customer
CUS1064,0,Mainstream customer
CUS1065,0,Mainstream customer
CUS1066,0,Mainstream customer
CUS1067,0,Mainstream customer
CUS1068,0,Mainstream customer
CUS1069,0,Mainstream customer
CUS107,1,Discount customer
CUS1070,0,Mainstream customer
CUS1071,0,Mainstream customer
CUS1072,1,Discount customer
CUS1073,0,Mainstream customer
CUS1074,0,Mainstream customer
CUS1075,0,Mainstream customer
CUS1076,1,Discount customer
CUS1077,0,Mainstream customer
CUS1078,1,Discount customer
CUS1079,0,Mainstream customer
CUS108,0,Mainstream customer
CUS1080,0,Mainstream customer
CUS1081,0,Mainstream customer
CUS1082,1,Discount customer
CUS1083,0,Mainstream customer
CUS1084,1,Discount customer
CUS1085,1,Discount customer
CUS1086,1,Discount customer
CUS1087,0,Mainstream customer
CUS1088,0,Mainstream customer
CUS1089,0,Mainstream customer
CUS109,1,Discount customer
CUS1090,0,Mainstream customer
CUS1091,0,Mainstream customer
CUS1092,0,Mainstream customer
CUS1093,1,Discount customer
CUS1094,0,Mainstream customer
CUS1095,0,Mainstream customer
CUS1096,0,Mainstream customer
CUS1097,0,Mainstream customer
CUS1098,0,Mainstream customer
CUS1099,0,Mainstream customer
CUS11,1,Discount customer
CUS110,1,Discount customer
CUS1100,0,Mainstream customer
CUS1101,0,Mainstream customer
CUS1102,1,Discount customer
CUS1103,0,Mainstream customer
CUS1104,1,Discount customer
CUS1105,1,Discount customer
CUS1106,1,Discount customer
CUS1107,0,Mainstream customer
CUS1108,0,Mainstream customer
CUS1109,0,Mainstream customer
CUS111,0,Mainstream customer
CUS1110,1,Discount customer
CUS1111,0,Mainstream customer
CUS1112,0,Mainstream customer
CUS1113,3,Urban Trendy Berlin
CUS1114,1,Discount customer
CUS1115,0,Mainstream customer
CUS1116,0,Mainstream customer
CUS1117,0,Mainstream customer
CUS1118,0,Mainstream customer
CUS1119,0,Mainstream customer
CUS112,0,Mainstream customer
CUS1120,0,Mainstream customer
CUS1121,0,Mainstream customer
CUS1122,1,Discount customer
CUS1123,1,Discount customer
CUS1124,0,Mainstream customer
CUS1125,0,Mainstream customer
CUS1126,0,Mainstream customer
CUS1127,1,Discount customer
CUS1128,0,Mainstream customer
CUS1129,0,Mainstream customer
CUS113,3,Urban Trendy Berlin
CUS1130,0,Mainstream customer
CUS1131,0,Mainstream customer
CUS1132,1,Discount customer
CUS1133,1,Discount customer
CUS1134,0,Mainstream customer
CUS1135,0,Mainstream customer
CUS1136,0,Mainstream customer
CUS1137,0,Mainstream customer
CUS1138,0,Mainstream customer
CUS1139,1,Discount customer
CUS114,0,Mainstream customer
CUS1140,1,Discount customer
CUS1141,0,Mainstream customer
CUS1142,1,Discount customer
CUS1143,0,Mainstream customer
CUS1144,0,Mainstream customer
CUS1145,1,Discount customer
CUS1146,0,Mainstream customer
CUS1147,0,Mainstream customer
CUS1148,0,Mainstream customer
CUS1149,0,Mainstream customer
CUS115,1,Discount customer
CUS1150,0,Mainstream customer
CUS1151,0,Mainstream customer
CUS1152,1,Discount customer
CUS1153,0,Mainstream customer
CUS1154,0,Mainstream customer
CUS1155,0,Mainstream customer
CUS1156,0,Mainstream customer
CUS1157,0,Mainstream customer
CUS1158,0,Mainstream customer
CUS1159,0,Mainstream customer
CUS116,0,Mainstream customer
CUS1160,0,Mainstream customer
CUS1161,0,Mainstream customer
CUS1162,1,Discount customer
CUS1163,0,Mainstream customer
CUS1164,0,Mainstream customer
CUS1165,0,Mainstream customer
CUS1166,1,Discount customer
CUS1167,0,Mainstream customer
CUS1168,0,Mainstream customer
CUS1169,1,Discount customer
CUS117,1,Discount customer
CUS1170,0,Mainstream customer
CUS1171,1,Discount customer
CUS1172,1,Discount customer
CUS1173,0,Mainstream customer
CUS1174,0,Mainstream customer
CUS1175,0,Mainstream customer
CUS1176,0,Mainstream customer
CUS1177,0,Mainstream customer
CUS1178,0,Mainstream customer
CUS1179,0,Mainstream customer
CUS118,0,Mainstream customer
CUS1180,1,Discount customer
CUS1181,0,Mainstream customer
CUS1182,0,Mainstream customer
CUS1183,0,Mainstream customer
CUS1184,0,Mainstream customer
CUS1185,0,Mainstream customer
CUS1186,0,Mainstream customer
CUS1187,0,Mainstream customer
CUS1188,0,Mainstream customer
CUS1189,1,Discount customer
CUS119,0,Mainstream customer
CUS1190,3,Urban Trendy Berlin
CUS1191,0,Mainstream customer
CUS1192,1,Discount customer
CUS1193,1,Discount customer
CUS1194,1,Discount customer
CUS1195,2,Premium Bremen Niche
CUS1196,0,Mainstream customer
CUS1197,0,Mainstream customer
CUS1198,0,Mainstream customer
CUS1199,0,Mainstream customer
CUS12,0,Mainstream customer
CUS120,0,Mainstream customer
CUS1200,0,Mainstream customer
CUS1201,1,Discount customer
CUS1202,0,Mainstream customer
CUS1203,1,Discount customer
CUS1204,0,Mainstream customer
CUS1205,0,Mainstream customer
CUS1206,0,Mainstream customer
CUS1207,0,Mainstream customer
CUS1208,1,Discount customer
CUS1209,1,Discount customer
CUS121,0,Mainstream customer
CUS1210,0,Mainstream customer
CUS1211,1,Discount customer
CUS1212,0,Mainstream customer
CUS1213,0,Mainstream customer
CUS1214,1,Discount customer
CUS1215,1,Discount customer
CUS1216,0,Mainstream customer
CUS1217,1,Discount customer
CUS1218,0,Mainstream customer
CUS1219,0,Mainstream customer
CUS122,1,Discount customer
CUS1220,0,Mainstream customer
CUS1221,1,Discount customer
CUS1222,1,Discount customer
CUS1223,0,Mainstream customer
CUS1224,0,Mainstream customer
CUS1225,0,Mainstream customer
CUS1226,1,Discount customer
CUS1227,1,Discount customer
CUS1228,1,Discount customer
CUS1229,0,Mainstream customer
CUS123,1,Discount customer
CUS1230,1,Discount customer
CUS1231,1,Discount customer
CUS1232,0,Mainstream customer
CUS1233,1,Discount customer
CUS1234,0,Mainstream customer
CUS1235,0,Mainstream customer
CUS1236,1,Discount customer
CUS1237,2,Premium Bremen Niche
CUS1238,1,Discount customer
CUS1239,0,Mainstream customer
CUS124,1,Discount customer
CUS1240,2,Premium Bremen Niche
CUS1241,0,Mainstream customer
CUS1242,1,Discount customer
CUS1243,1,Discount customer
CUS1244,0,Mainstream customer
CUS1245,0,Mainstream customer
CUS1246,0,Mainstream customer
CUS1247,1,Discount customer
CUS1248,0,Mainstream customer
CUS1249,0,Mainstream customer
CUS125,0,Mainstream customer
CUS1250,0,Mainstream customer
CUS1251,0,Mainstream customer
CUS1252,1,Discount customer
CUS1253,0,Mainstream customer
CUS1254,0,Mainstream customer
CUS1255,0,Mainstream customer
CUS1256,1,Discount customer
CUS1257,1,Discount customer
CUS1258,0,Mainstream customer
CUS1259,1,Discount customer
CUS126,0,Mainstream customer
CUS1260,0,Mainstream customer
CUS1261,0,Mainstream customer
CUS1262,0,Mainstream customer
CUS1263,0,Mainstream customer
CUS1264,0,Mainstream customer
CUS1265,1,Discount customer
CUS1266,0,Mainstream customer
CUS1267,0,Mainstream customer
CUS1268,0,Mainstream customer
CUS1269,1,Discount customer
CUS127,1,Discount customer
CUS1270,0,Mainstream customer
CUS1271,0,Mainstream customer
CUS1272,0,Mainstream customer
CUS1273,1,Discount customer
CUS1274,0,Mainstream customer
CUS1275,0,Mainstream customer
CUS1276,0,Mainstream customer
CUS1277,1,Discount customer
CUS1278,0,Mainstream customer
CUS1279,0,Mainstream customer
CUS128,0,Mainstream customer
CUS1280,2,Premium Bremen Niche
CUS1281,0,Mainstream customer
CUS1282,1,Discount customer
CUS1283,0,Mainstream customer
CUS1284,0,Mainstream customer
CUS1285,1,Discount customer
CUS1286,0,Mainstream customer
CUS1287,0,Mainstream customer
CUS1288,0,Mainstream customer
CUS1289,0,Mainstream customer
CUS129,0,Mainstream customer
CUS1290,1,Discount customer
CUS1291,0,Mainstream customer
CUS1292,0,Mainstream customer
CUS1293,0,Mainstream customer
CUS1294,1,Discount customer
CUS1295,0,Mainstream customer
CUS1296,1,Discount customer
CUS1297,0,Mainstream customer
CUS1298,0,Mainstream customer
CUS1299,0,Mainstream customer
CUS13,1,Discount customer
CUS130,1,Discount customer
CUS1300,0,Mainstream customer
CUS1301,0,Mainstream customer
CUS1302,0,Mainstream customer
CUS1303,0,Mainstream customer
CUS1304,1,Discount customer
CUS1305,1,Discount customer
CUS1306,0,Mainstream customer
CUS1307,0,Mainstream customer
CUS1308,0,Mainstream customer
CUS1309,0,Mainstream customer
CUS131,0,Mainstream customer
CUS1310,0,Mainstream customer
CUS1311,0,Mainstream customer
CUS1312,1,Discount customer
CUS1313,0,Mainstream customer
CUS1314,1,Discount customer
CUS1315,0,Mainstream customer
CUS1316,0,Mainstream customer
CUS1317,1,Discount customer
CUS1318,0,Mainstream customer
CUS1319,0,Mainstream customer
CUS132,0,Mainstream customer
CUS1320,0,Mainstream customer
CUS1321,1,Discount customer
CUS1322,0,Mainstream customer
CUS1323,2,Premium Bremen Niche
CUS1324,0,Mainstream customer
CUS1325,0,Mainstream customer
CUS1326,0,Mainstream customer
CUS1327,0,Mainstream customer
CUS1328,0,Mainstream customer
CUS1329,0,Mainstream customer
CUS133,2,Premium Bremen Niche
CUS1330,1,Discount customer
CUS1331,0,Mainstream customer
CUS1332,0,Mainstream customer
CUS1333,0,Mainstream customer
CUS1334,0,Mainstream customer
CUS1335,2,Premium Bremen Niche
CUS1336,1,Discount customer
CUS1337,1,Discount customer
CUS1338,0,Mainstream customer
CUS1339,0,Mainstream customer
CUS134,3,Urban Trendy Berlin
CUS1340,0,Mainstream customer
CUS1341,1,Discount customer
CUS1342,0,Mainstream customer
CUS1343,0,Mainstream customer
CUS1344,0,Mainstream customer
CUS1345,0,Mainstream customer
CUS1346,0,Mainstream customer
CUS1347,1,Discount customer
CUS1348,0,Mainstream customer
CUS1349,0,Mainstream customer
CUS135,0,Mainstream customer
CUS1350,0,Mainstream customer
CUS1351,0,Mainstream customer
CUS1352,1,Discount customer
CUS1353,1,Discount customer
CUS1354,0,Mainstream customer
CUS1355,1,Discount customer
CUS1356,0,Mainstream customer
CUS1357,0,Mainstream customer
CUS1358,0,Mainstream customer
CUS1359,1,Discount customer
CUS136,1,Discount customer
CUS1360,1,Discount customer
CUS1361,1,Discount customer
CUS1362,0,Mainstream customer
CUS1363,1,Discount customer
CUS1364,0,Mainstream customer
CUS1365,0,Mainstream customer
CUS1366,0,Mainstream customer
CUS1367,0,Mainstream customer
CUS1368,1,Discount customer
CUS1369,3,Urban Trendy Berlin
CUS137,0,Mainstream customer
CUS1370,0,Mainstream customer
CUS1371,0,Mainstream customer
CUS1372,0,Mainstream customer
CUS1373,3,Urban Trendy Berlin
CUS1374,0,Mainstream customer
CUS1375,0,Mainstream customer
CUS1376,1,Discount customer
CUS1377,0,Mainstream customer
CUS1378,0,Mainstream customer
CUS1379,0,Mainstream customer
CUS138,0,Mainstream customer
CUS1380,1,Discount customer
CUS1381,0,Mainstream customer
CUS1382,0,Mainstream customer
CUS1383,0,Mainstream customer
CUS1384,2,Premium Bremen Niche
CUS1385,0,Mainstream customer
CUS1386,2,Premium Bremen Niche
CUS1387,1,Discount customer
CUS1388,0,Mainstream customer
CUS1389,0,Mainstream customer
CUS139,1,Discount customer
CUS1390,0,Mainstream customer
CUS1391,1,Discount customer
CUS1392,1,Discount customer
CUS1393,1,Discount customer
CUS1394,0,Mainstream customer
CUS1395,0,Mainstream customer
CUS1396,0,Mainstream customer
CUS1397,1,Discount customer
CUS1398,0,Mainstream customer
CUS1399,0,Mainstream customer
CUS14,0,Mainstream customer
CUS140,0,Mainstream customer
CUS1400,0,Mainstream customer
CUS1401,0,Mainstream customer
CUS1402,1,Discount customer
CUS1403,0,Mainstream customer
CUS1404,0,Mainstream customer
CUS1405,0,Mainstream customer
CUS1406,1,Discount customer
CUS1407,0,Mainstream customer
CUS1408,1,Discount customer
CUS1409,0,Mainstream customer
CUS141,2,Premium Bremen Niche
CUS1410,1,Discount customer
CUS1411,0,Mainstream customer
CUS1412,0,Mainstream customer
CUS1413,1,Discount customer
CUS1414,0,Mainstream customer
CUS1415,0,Mainstream customer
CUS1416,0,Mainstream customer
CUS1417,0,Mainstream customer
CUS1418,1,Discount customer
CUS1419,0,Mainstream customer
CUS142,0,Mainstream customer
CUS1420,0,Mainstream customer
CUS1421,0,Mainstream customer
CUS1422,0,Mainstream customer
CUS1423,0,Mainstream customer
CUS1424,1,Discount customer
CUS1425,0,Mainstream customer
CUS1426,0,Mainstream customer
CUS1427,0,Mainstream customer
CUS1428,1,Discount customer
CUS1429,1,Discount customer
CUS143,0,Mainstream customer
CUS1430,0,Mainstream customer
CUS1431,3,Urban Trendy Berlin
CUS1432,1,Discount customer
CUS1433,0,Mainstream customer
CUS1434,0,Mainstream customer
CUS1435,0,Mainstream customer
CUS1436,0,Mainstream customer
CUS1437,1,Discount customer
CUS1438,0,Mainstream customer
CUS1439,0,Mainstream customer
CUS144,0,Mainstream customer
CUS1440,0,Mainstream customer
CUS1441,0,Mainstream customer
CUS1442,0,Mainstream customer
CUS1443,0,Mainstream customer
CUS1444,0,Mainstream customer
CUS1445,0,Mainstream customer
CUS1446,0,Mainstream customer
CUS1447,1,Discount customer
CUS1448,0,Mainstream customer
CUS1449,0,Mainstream customer
CUS145,1,Discount customer
CUS1450,1,Discount customer
CUS1451,1,Discount customer
CUS1452,0,Mainstream customer
CUS1453,3,Urban Trendy Berlin
CUS1454,1,Discount customer
CUS1455,0,Mainstream customer
CUS1456,0,Mainstream customer
CUS1457,3,Urban Trendy Berlin
CUS1458,0,Mainstream customer
CUS1459,1,Discount customer
CUS146,1,Discount customer
CUS1460,1,Discount customer
CUS1461,0,Mainstream customer
CUS1462,1,Discount customer
CUS1463,1,Discount customer
CUS1464,0,Mainstream customer
CUS1465,0,Mainstream customer
CUS1466,1,Discount customer
CUS1467,1,Discount customer
CUS1468,0,Mainstream customer
CUS1469,0,Mainstream customer
CUS147,0,Mainstream customer
CUS1470,0,Mainstream customer
CUS1471,0,Mainstream customer
CUS1472,0,Mainstream customer
CUS1473,0,Mainstream customer
CUS1474,0,Mainstream customer
CUS1475,3,Urban Trendy Berlin
CUS1476,0,Mainstream customer
CUS1477,0,Mainstream customer
CUS1478,0,Mainstream customer
CUS1479,1,Discount customer
CUS148,0,Mainstream customer
CUS1480,0,Mainstream customer
CUS1481,0,Mainstream customer
CUS1482,0,Mainstream customer
CUS1483,1,Discount customer
CUS1484,1,Discount customer
CUS1485,0,Mainstream customer
CUS1486,0,Mainstream customer
CUS1487,1,Discount customer
CUS1488,0,Mainstream customer
CUS1489,0,Mainstream customer
CUS149,0,Mainstream customer
CUS1490,1,Discount customer
CUS1491,0,Mainstream customer
CUS1492,0,Mainstream customer
CUS1493,0,Mainstream customer
CUS1494,0,Mainstream customer
CUS1495,1,Discount customer
CUS1496,1,Discount customer
CUS1497,1,Discount customer
CUS1498,0,Mainstream customer
CUS1499,1,Discount customer
CUS15,0,Mainstream customer
CUS150,1,Discount customer
CUS1500,1,Discount customer
CUS1501,0,Mainstream customer
CUS1502,0,Mainstream customer
CUS1503,0,Mainstream customer
CUS1504,1,Discount customer
CUS1505,0,Mainstream customer
CUS1506,0,Mainstream customer
CUS1507,0,Mainstream customer
CUS1508,0,Mainstream customer
CUS1509,0,Mainstream customer
CUS151,1,Discount customer
CUS1510,1,Discount customer
CUS1511,0,Mainstream customer
CUS1512,0,Mainstream customer
CUS1513,0,Mainstream customer
CUS1514,1,Discount customer
CUS1515,1,Discount customer
CUS1516,0,Mainstream customer
CUS1517,0,Mainstream customer
CUS1518,1,Discount customer
CUS1519,0,Mainstream customer
CUS152,0,Mainstream customer
CUS1520,0,Mainstream customer
CUS1521,0,Mainstream customer
CUS1522,0,Mainstream customer
CUS1523,0,Mainstream customer
CUS1524,0,Mainstream customer
CUS1525,1,Discount customer
CUS1526,0,Mainstream customer
CUS1527,0,Mainstream customer
CUS1528,0,Mainstream customer
CUS1529,0,Mainstream customer
CUS153,0,Mainstream customer
CUS1530,0,Mainstream customer
CUS1531,1,Discount customer
CUS1532,1,Discount customer
CUS1533,0,Mainstream customer
CUS1534,1,Discount customer
CUS1535,0,Mainstream customer
CUS1536,0,Mainstream customer
CUS1537,1,Discount customer
CUS1538,1,Discount customer
CUS1539,1,Discount customer
CUS154,0,Mainstream customer
CUS1540,0,Mainstream customer
CUS1541,0,Mainstream customer
CUS1542,1,Discount customer
CUS1543,0,Mainstream customer
CUS1544,0,Mainstream customer
CUS1545,0,Mainstream customer
CUS1546,0,Mainstream customer
CUS1547,0,Mainstream customer
CUS1548,1,Discount customer
CUS1549,1,Discount customer
CUS155,1,Discount customer
CUS1550,0,Mainstream customer
CUS1551,0,Mainstream customer
CUS1552,0,Mainstream customer
CUS1553,0,Mainstream customer
CUS1554,0,Mainstream customer
CUS1555,1,Discount customer
CUS1556,0,Mainstream customer
CUS1557,0,Mainstream customer
CUS1558,0,Mainstream customer
CUS1559,0,Mainstream customer
CUS156,0,Mainstream customer
CUS1560,1,Discount customer
CUS1561,0,Mainstream customer
CUS1562,1,Discount customer
CUS1563,1,Discount customer
CUS1564,0,Mainstream customer
CUS1565,0,Mainstream customer
CUS1566,1,Discount customer
CUS1567,0,Mainstream customer
CUS1568,0,Mainstream customer
CUS1569,0,Mainstream customer
CUS157,1,Discount customer
CUS1570,0,Mainstream customer
CUS1571,0,Mainstream customer
CUS1572,0,Mainstream customer
CUS1573,0,Mainstream customer
CUS1574,0,Mainstream customer
CUS1575,0,Mainstream customer
CUS1576,0,Mainstream customer
CUS1577,0,Mainstream customer
CUS1578,0,Mainstream customer
CUS1579,0,Mainstream customer
CUS158,0,Mainstream customer
CUS1580,2,Premium Bremen Niche
CUS1581,0,Mainstream customer
CUS1582,1,Discount customer
CUS1583,0,Mainstream customer
CUS1584,1,Discount customer
CUS1585,1,Discount customer
CUS1586,0,Mainstream customer
CUS1587,0,Mainstream customer
CUS1588,0,Mainstream customer
CUS1589,0,Mainstream customer
CUS159,1,Discount customer
CUS1590,0,Mainstream customer
CUS1591,1,Discount customer
CUS1592,1,Discount customer
CUS1593,1,Discount customer
CUS1594,1,Discount customer
CUS1595,0,Mainstream customer
CUS1596,0,Mainstream customer
CUS1597,0,Mainstream customer
CUS1598,1,Discount customer
CUS1599,0,Mainstream customer
CUS16,0,Mainstream customer
CUS160,1,Discount customer
CUS1600,0,Mainstream customer
CUS1601,0,Mainstream customer
CUS1602,0,Mainstream customer
CUS1603,1,Discount customer
CUS1604,1,Discount customer
CUS1605,0,Mainstream customer
CUS1606,0,Mainstream customer
CUS1607,3,Urban Trendy Berlin
CUS1608,0,Mainstream customer
CUS1609,1,Discount customer
CUS161,1,Discount customer
CUS1610,0,Mainstream customer
CUS1611,0,Mainstream customer
CUS1612,3,Urban Trendy Berlin
CUS1613,1,Discount customer
CUS1614,0,Mainstream customer
CUS1615,1,Discount customer
CUS1616,1,Discount customer
CUS1617,1,Discount customer
CUS1618,1,Discount customer
CUS1619,0,Mainstream customer
CUS162,0,Mainstream customer
CUS1620,1,Discount customer
CUS1621,1,Discount customer
CUS1622,1,Discount customer
CUS1623,1,Discount customer
CUS1624,1,Discount customer
CUS1625,0,Mainstream customer
CUS1626,0,Mainstream customer
CUS1627,1,Discount customer
CUS1628,0,Mainstream customer
CUS1629,1,Discount customer
CUS163,0,Mainstream customer
CUS1630,0,Mainstream customer
CUS1631,3,Urban Trendy Berlin
CUS1632,3,Urban Trendy Berlin
CUS1633,0,Mainstream customer
CUS1634,0,Mainstream customer
CUS1635,0,Mainstream customer
CUS1636,0,Mainstream customer
CUS1637,1,Discount customer
CUS1638,0,Mainstream customer
CUS1639,0,Mainstream customer
CUS164,1,Discount customer
CUS1640,0,Mainstream customer
CUS1641,0,Mainstream customer
CUS1642,0,Mainstream customer
CUS1643,1,Discount customer
CUS1644,2,Premium Bremen Niche
CUS1645,1,Discount customer
CUS1646,1,Discount customer
CUS1647,1,Discount customer
CUS1648,1,Discount customer
CUS1649,1,Discount customer
CUS165,0,Mainstream customer
CUS1650,3,Urban Trendy Berlin
CUS1651,0,Mainstream customer
CUS1652,0,Mainstream customer
CUS1653,0,Mainstream customer
CUS1654,1,Discount customer
CUS1655,3,Urban Trendy Berlin
CUS1656,0,Mainstream customer
CUS1657,0,Mainstream customer
CUS1658,0,Mainstream customer
CUS1659,0,Mainstream customer
CUS166,0,Mainstream customer
CUS1660,0,Mainstream customer
CUS1661,1,Discount customer
CUS1662,0,Mainstream customer
CUS1663,1,Discount customer
CUS1664,0,Mainstream customer
CUS1665,0,Mainstream customer
CUS1666,1,Discount customer
CUS1667,1,Discount customer
CUS1668,0,Mainstream customer
CUS1669,1,Discount customer
CUS167,0,Mainstream customer
CUS1670,0,Mainstream customer
CUS1671,2,Premium Bremen Niche
CUS1672,0,Mainstream customer
CUS1673,1,Discount customer
CUS1674,0,Mainstream customer
CUS1675,1,Discount customer
CUS1676,0,Mainstream customer
CUS1677,3,Urban Trendy Berlin
CUS1678,1,Discount customer
CUS1679,0,Mainstream customer
CUS168,0,Mainstream customer
CUS1680,0,Mainstream customer
CUS1681,0,Mainstream customer
CUS1682,1,Discount customer
CUS1683,3,Urban Trendy Berlin
CUS1684,1,Discount customer
CUS1685,0,Mainstream customer
CUS1686,1,Discount customer
CUS1687,0,Mainstream customer
CUS1688,0,Mainstream customer
CUS1689,0,Mainstream customer
CUS169,3,Urban Trendy Berlin
CUS1690,2,Premium Bremen Niche
CUS1691,2,Premium Bremen Niche
CUS1692,0,Mainstream customer
CUS1693,0,Mainstream customer
CUS1694,0,Mainstream customer
CUS1695,1,Discount customer
CUS1696,1,Discount customer
CUS1697,0,Mainstream customer
CUS1698,0,Mainstream customer
CUS1699,1,Discount customer
CUS17,0,Mainstream customer
CUS170,2,Premium Bremen Niche
CUS1700,0,Mainstream customer
CUS1701,1,Discount customer
CUS1702,0,Mainstream customer
CUS1703,0,Mainstream customer
CUS1704,0,Mainstream customer
CUS1705,0,Mainstream customer
CUS1706,1,Discount customer
CUS1707,1,Discount customer
CUS1708,0,Mainstream customer
CUS1709,1,Discount customer
CUS171,0,Mainstream customer
CUS1710,0,Mainstream customer
CUS1711,0,Mainstream customer
CUS1712,1,Discount customer
CUS1713,0,Mainstream customer
CUS1714,1,Discount customer
CUS1715,0,Mainstream customer
CUS1716,0,Mainstream customer
CUS1717,1,Discount customer
CUS1718,0,Mainstream customer
CUS1719,0,Mainstream customer
CUS172,0,Mainstream customer
CUS1720,3,Urban Trendy Berlin
CUS1721,1,Discount customer
CUS1722,0,Mainstream customer
CUS1723,0,Mainstream customer
CUS1724,0,Mainstream customer
CUS1725,1,Discount customer
CUS1726,2,Premium Bremen Niche
CUS1727,1,Discount customer
CUS1728,1,Discount customer
CUS1729,1,Discount customer
CUS173,0,Mainstream customer
CUS1730,3,Urban Trendy Berlin
CUS1731,1,Discount customer
CUS1732,3,Urban Trendy Berlin
CUS1733,1,Discount customer
CUS1734,1,Discount customer
CUS1735,1,Discount customer
CUS1736,0,Mainstream customer
CUS1737,0,Mainstream customer
CUS1738,0,Mainstream customer
CUS1739,0,Mainstream customer
CUS174,0,Mainstream customer
CUS1740,1,Discount customer
CUS1741,0,Mainstream customer
CUS1742,0,Mainstream customer
CUS1743,1,Discount customer
CUS1744,0,Mainstream customer
CUS1745,0,Mainstream customer
CUS1746,0,Mainstream customer
CUS1747,0,Mainstream customer
CUS1748,0,Mainstream customer
CUS1749,1,Discount customer
CUS175,0,Mainstream customer
CUS1750,0,Mainstream customer
CUS1751,1,Discount customer
CUS1752,0,Mainstream customer
CUS1753,3,Urban Trendy Berlin
CUS1754,0,Mainstream customer
CUS1755,1,Discount customer
CUS1756,0,Mainstream customer
CUS1757,1,Discount customer
CUS1758,0,Mainstream customer
CUS1759,0,Mainstream customer
CUS176,0,Mainstream customer
CUS1760,0,Mainstream customer
CUS1761,0,Mainstream customer
CUS1762,1,Discount customer
CUS1763,0,Mainstream customer
CUS1764,0,Mainstream customer
CUS1765,0,Mainstream customer
CUS1766,1,Discount customer
CUS1767,0,Mainstream customer
CUS1768,0,Mainstream customer
CUS1769,0,Mainstream customer
CUS177,0,Mainstream customer
CUS1770,0,Mainstream customer
CUS1771,0,Mainstream customer
CUS1772,1,Discount customer
CUS1773,0,Mainstream customer
CUS1774,1,Discount customer
CUS1775,1,Discount customer
CUS1776,0,Mainstream customer
CUS1777,1,Discount customer
CUS1778,0,Mainstream customer
CUS1779,1,Discount customer
CUS178,0,Mainstream customer
CUS1780,0,Mainstream customer
CUS1781,1,Discount customer
CUS1782,1,Discount customer
CUS1783,0,Mainstream customer
CUS1784,0,Mainstream customer
CUS1785,1,Discount customer
CUS1786,0,Mainstream customer
CUS1787,0,Mainstream customer
CUS1788,0,Mainstream customer
CUS1789,1,Discount customer
CUS179,0,Mainstream customer
CUS1790,0,Mainstream customer
CUS1791,0,Mainstream customer
CUS1792,0,Mainstream customer
CUS1793,1,Discount customer
CUS1794,0,Mainstream customer
CUS1795,0,Mainstream customer
CUS1796,0,Mainstream customer
CUS1797,0,Mainstream customer
CUS1798,0,Mainstream customer
CUS1799,0,Mainstream customer
CUS18,0,Mainstream customer
CUS180,1,Discount customer
CUS1800,0,Mainstream customer
CUS1801,1,Discount customer
CUS1802,0,Mainstream customer
CUS1803,1,Discount customer
CUS1804,0,Mainstream customer
CUS1805,0,Mainstream customer
CUS1806,1,Discount customer
CUS1807,0,Mainstream customer
CUS1808,0,Mainstream customer
CUS1809,1,Discount customer
CUS181,1,Discount customer
CUS1810,1,Discount customer
CUS1811,0,Mainstream customer
CUS1812,3,Urban Trendy Berlin
CUS1813,0,Mainstream customer
CUS1814,0,Mainstream customer
CUS1815,1,Discount customer
CUS1816,0,Mainstream customer
CUS1817,0,Mainstream customer
CUS1818,1,Discount customer
CUS1819,0,Mainstream customer
CUS182,1,Discount customer
CUS1820,0,Mainstream customer
CUS1821,0,Mainstream customer
CUS1822,1,Discount customer
CUS1823,0,Mainstream customer
CUS1824,0,Mainstream customer
CUS1825,0,Mainstream customer
CUS1826,0,Mainstream customer
CUS1827,0,Mainstream customer
CUS1828,1,Discount customer
CUS1829,1,Discount customer
CUS183,0,Mainstream customer
CUS1830,0,Mainstream customer
CUS1831,0,Mainstream customer
CUS1832,1,Discount customer
CUS1833,0,Mainstream customer
CUS1834,1,Discount customer
CUS1835,0,Mainstream customer
CUS1836,0,Mainstream customer
CUS1837,1,Discount customer
CUS1838,1,Discount customer
CUS1839,0,Mainstream customer
CUS184,2,Premium Bremen Niche
CUS1840,0,Mainstream customer
CUS1841,0,Mainstream customer
CUS1842,0,Mainstream customer
CUS1843,0,Mainstream customer
CUS1844,0,Mainstream customer
CUS1845,0,Mainstream customer
CUS1846,0,Mainstream customer
CUS1847,0,Mainstream customer
CUS1848,0,Mainstream customer
CUS1849,1,Discount customer
CUS185,1,Discount customer
CUS1850,0,Mainstream customer
CUS1851,0,Mainstream customer
CUS1852,0,Mainstream customer
CUS1853,0,Mainstream customer
CUS1854,1,Discount customer
CUS1855,1,Discount customer
CUS1856,1,Discount customer
CUS1857,1,Discount customer
CUS1858,0,Mainstream customer
CUS1859,0,Mainstream customer
CUS186,0,Mainstream customer
CUS1860,1,Discount customer
CUS1861,0,Mainstream customer
CUS1862,0,Mainstream customer
CUS1863,3,Urban Trendy Berlin
CUS1864,0,Mainstream customer
CUS1865,0,Mainstream customer
CUS1866,0,Mainstream customer
CUS1867,1,Discount customer
CUS1868,0,Mainstream customer
CUS1869,0,Mainstream customer
CUS187,1,Discount customer
CUS1870,0,Mainstream customer
CUS1871,1,Discount customer
CUS1872,1,Discount customer
CUS1873,0,Mainstream customer
CUS1874,1,Discount customer
CUS1875,0,Mainstream customer
CUS1876,0,Mainstream customer
CUS1877,0,Mainstream customer
CUS1878,1,Discount customer
CUS1879,0,Mainstream customer
CUS188,0,Mainstream customer
CUS1880,0,Mainstream customer
CUS1881,0,Mainstream customer
CUS1882,0,Mainstream customer
CUS1883,0,Mainstream customer
CUS1884,1,Discount customer
CUS1885,1,Discount customer
CUS1886,0,Mainstream customer
CUS1887,0,Mainstream customer
CUS1888,1,Discount customer
CUS1889,0,Mainstream customer
CUS189,0,Mainstream customer
CUS1890,1,Discount customer
CUS1891,0,Mainstream customer
CUS1892,1,Discount customer
CUS1893,0,Mainstream customer
CUS1894,0,Mainstream customer
CUS1895,1,Discount customer
CUS1896,0,Mainstream customer
CUS1897,0,Mainstream customer
CUS1898,0,Mainstream customer
CUS1899,0,Mainstream customer
CUS19,1,Discount customer
CUS190,1,Discount customer
CUS1900,0,Mainstream customer
CUS1901,0,Mainstream customer
CUS1902,1,Discount customer
CUS1903,0,Mainstream customer
CUS1904,3,Urban Trendy Berlin
CUS1905,1,Discount customer
CUS1906,0,Mainstream customer
CUS1907,0,Mainstream customer
CUS1908,0,Mainstream customer
CUS1909,1,Discount customer
CUS191,0,Mainstream customer
CUS1910,0,Mainstream customer
CUS1911,0,Mainstream customer
CUS1912,1,Discount customer
CUS1913,1,Discount customer
CUS1914,0,Mainstream customer
CUS1915,0,Mainstream customer
CUS1916,1,Discount customer
CUS1917,0,Mainstream customer
CUS1918,0,Mainstream customer
CUS1919,1,Discount customer
CUS192,0,Mainstream customer
CUS1920,0,Mainstream customer
CUS1921,0,Mainstream customer
CUS1922,1,Discount customer
CUS1923,0,Mainstream customer
CUS1924,1,Discount customer
CUS1925,0,Mainstream customer
CUS1926,0,Mainstream customer
CUS1927,0,Mainstream customer
CUS1928,0,Mainstream customer
CUS1929,0,Mainstream customer
CUS193,0,Mainstream customer
CUS1930,1,Discount customer
CUS1931,0,Mainstream customer
CUS1932,0,Mainstream customer
CUS1933,1,Discount customer
CUS1934,0,Mainstream customer
CUS1935,0,Mainstream customer
CUS1936,0,Mainstream customer
CUS1937,0,Mainstream customer
CUS1938,0,Mainstream customer
CUS1939,1,Discount customer
CUS194,0,Mainstream customer
CUS1940,0,Mainstream customer
CUS1941,1,Discount customer
CUS1942,0,Mainstream customer
CUS1943,0,Mainstream customer
CUS1944,0,Mainstream customer
CUS1945,1,Discount customer
CUS1946,0,Mainstream customer
CUS1947,0,Mainstream customer
CUS1948,0,Mainstream customer
CUS1949,2,Premium Bremen Niche
CUS195,1,Discount customer
CUS1950,0,Mainstream customer
CUS1951,1,Discount customer
CUS1952,0,Mainstream customer
CUS1953,0,Mainstream customer
CUS1954,0,Mainstream customer
CUS1955,0,Mainstream customer
CUS1956,0,Mainstream customer
CUS1957,0,Mainstream customer
CUS1958,1,Discount customer
CUS1959,0,Mainstream customer
CUS196,0,Mainstream customer
CUS1960,0,Mainstream customer
CUS1961,0,Mainstream customer
CUS1962,1,Discount customer
CUS1963,0,Mainstream customer
CUS1964,0,Mainstream customer
CUS1965,0,Mainstream customer
CUS1966,1,Discount customer
CUS1967,0,Mainstream customer
CUS1968,0,Mainstream customer
CUS1969,0,Mainstream customer
CUS197,0,Mainstream customer
CUS1970,0,Mainstream customer
CUS1971,0,Mainstream customer
CUS1972,0,Mainstream customer
CUS1973,3,Urban Trendy Berlin
CUS1974,0,Mainstream customer
CUS1975,1,Discount customer
CUS1976,1,Discount customer
CUS1977,1,Discount customer
CUS1978,0,Mainstream customer
CUS1979,0,Mainstream customer
CUS198,3,Urban Trendy Berlin
CUS1980,0,Mainstream customer
CUS1981,1,Discount customer
CUS1982,0,Mainstream customer
CUS1983,1,Discount customer
CUS1984,1,Discount customer
CUS1985,0,Mainstream customer
CUS1986,0,Mainstream customer
CUS1987,1,Discount customer
CUS1988,0,Mainstream customer
CUS1989,0,Mainstream customer
CUS199,0,Mainstream customer
CUS1990,0,Mainstream customer
CUS1991,0,Mainstream customer
CUS1992,3,Urban Trendy Berlin
CUS1993,0,Mainstream customer
CUS1994,1,Discount customer
CUS1995,0,Mainstream customer
CUS1996,1,Discount customer
CUS1997,0,Mainstream customer
CUS1998,0,Mainstream customer
CUS1999,1,Discount customer
CUS2,1,Discount customer
CUS20,1,Discount customer
CUS200,1,Discount customer
CUS2000,0,Mainstream customer
CUS2001,1,Discount customer
CUS2002,1,Discount customer
CUS2003,0,Mainstream customer
CUS2004,1,Discount customer
CUS2005,0,Mainstream customer
CUS2006,0,Mainstream customer
CUS2007,0,Mainstream customer
CUS2008,0,Mainstream customer
CUS2009,1,Discount customer
CUS201,1,Discount customer
CUS2010,0,Mainstream customer
CUS2011,0,Mainstream customer
CUS2012,0,Mainstream customer
CUS2013,0,Mainstream customer
CUS2014,1,Discount customer
CUS2015,1,Discount customer
CUS2016,2,Premium Bremen Niche
CUS2017,0,Mainstream customer
CUS2018,0,Mainstream customer
CUS2019,0,Mainstream customer
CUS202,0,Mainstream customer
CUS2020,1,Discount customer
CUS2021,2,Premium Bremen Niche
CUS2022,0,Mainstream customer
CUS2023,0,Mainstream customer
CUS2024,0,Mainstream customer
CUS2025,0,Mainstream customer
CUS2026,0,Mainstream customer
CUS2027,1,Discount customer
CUS2028,0,Mainstream customer
CUS2029,0,Mainstream customer
CUS203,1,Discount customer
CUS2030,0,Mainstream customer
CUS2031,1,Discount customer
CUS2032,3,Urban Trendy Berlin
CUS2033,0,Mainstream customer
CUS2034,0,Mainstream customer
CUS2035,0,Mainstream customer
CUS2036,0,Mainstream customer
CUS2037,1,Discount customer
CUS2038,0,Mainstream customer
CUS2039,0,Mainstream customer
CUS204,1,Discount customer
CUS2040,0,Mainstream customer
CUS2041,0,Mainstream customer
CUS2042,0,Mainstream customer
CUS2043,1,Discount customer
CUS2044,0,Mainstream customer
CUS2045,0,Mainstream customer
CUS2046,0,Mainstream customer
CUS2047,0,Mainstream customer
CUS2048,1,Discount customer
CUS2049,0,Mainstream customer
CUS205,1,Discount customer
CUS2050,0,Mainstream customer
CUS2051,0,Mainstream customer
CUS2052,0,Mainstream customer
CUS2053,0,Mainstream customer
CUS2054,3,Urban Trendy Berlin
CUS2055,0,Mainstream customer
CUS2056,0,Mainstream customer
CUS2057,0,Mainstream customer
CUS2058,1,Discount customer
CUS2059,2,Premium Bremen Niche
CUS206,0,Mainstream customer
CUS2060,1,Discount customer
CUS2061,0,Mainstream customer
CUS2062,0,Mainstream customer
CUS2063,1,Discount customer
CUS2064,0,Mainstream customer
CUS2065,0,Mainstream customer
CUS2066,0,Mainstream customer
CUS2067,0,Mainstream customer
CUS2068,0,Mainstream customer
CUS2069,0,Mainstream customer
CUS207,1,Discount customer
CUS2070,1,Discount customer
CUS2071,0,Mainstream customer
CUS2072,0,Mainstream customer
CUS2073,0,Mainstream customer
CUS2074,0,Mainstream customer
CUS2075,0,Mainstream customer
CUS2076,0,Mainstream customer
CUS2077,1,Discount customer
CUS2078,0,Mainstream customer
CUS2079,0,Mainstream customer
CUS208,0,Mainstream customer
CUS2080,0,Mainstream customer
CUS2081,0,Mainstream customer
CUS2082,0,Mainstream customer
CUS2083,0,Mainstream customer
CUS2084,0,Mainstream customer
CUS2085,1,Discount customer
CUS2086,0,Mainstream customer
CUS2087,0,Mainstream customer
CUS2088,1,Discount customer
CUS2089,0,Mainstream customer
CUS209,0,Mainstream customer
CUS2090,0,Mainstream customer
CUS2091,0,Mainstream customer
CUS2092,0,Mainstream customer
CUS2093,0,Mainstream customer
CUS2094,0,Mainstream customer
CUS2095,0,Mainstream customer
CUS2096,0,Mainstream customer
CUS2097,0,Mainstream customer
CUS2098,1,Discount customer
CUS2099,2,Premium Bremen Niche
CUS21,1,Discount customer
CUS210,1,Discount customer
CUS2100,0,Mainstream customer
CUS2101,0,Mainstream customer
CUS2102,0,Mainstream customer
CUS2103,1,Discount customer
CUS2104,0,Mainstream customer
CUS2105,0,Mainstream customer
CUS2106,0,Mainstream customer
CUS2107,0,Mainstream customer
CUS2108,0,Mainstream customer
CUS2109,0,Mainstream customer
CUS211,1,Discount customer
CUS2110,2,Premium Bremen Niche
CUS2111,0,Mainstream customer
CUS2112,1,Discount customer
CUS2113,0,Mainstream customer
CUS2114,0,Mainstream customer
CUS2115,1,Discount customer
CUS2116,0,Mainstream customer
CUS2117,1,Discount customer
CUS2118,1,Discount customer
CUS2119,1,Discount customer
CUS212,0,Mainstream customer
CUS2120,0,Mainstream customer
CUS2121,0,Mainstream customer
CUS2122,1,Discount customer
CUS2123,0,Mainstream customer
CUS2124,0,Mainstream customer
CUS2125,0,Mainstream customer
CUS2126,1,Discount customer
CUS2127,1,Discount customer
CUS2128,0,Mainstream customer
CUS2129,0,Mainstream customer
CUS213,1,Discount customer
CUS2130,0,Mainstream customer
CUS2131,1,Discount customer
CUS2132,1,Discount customer
CUS2133,0,Mainstream customer
CUS2134,0,Mainstream customer
CUS2135,1,Discount customer
CUS2136,0,Mainstream customer
CUS2137,0,Mainstream customer
CUS2138,0,Mainstream customer
CUS2139,0,Mainstream customer
CUS214,0,Mainstream customer
CUS2140,1,Discount customer
CUS2141,0,Mainstream customer
CUS2142,0,Mainstream customer
CUS2143,1,Discount customer
CUS2144,0,Mainstream customer
CUS2145,1,Discount customer
CUS2146,0,Mainstream customer
CUS2147,0,Mainstream customer
CUS2148,1,Discount customer
CUS2149,0,Mainstream customer
CUS215,0,Mainstream customer
CUS2150,1,Discount customer
CUS2151,0,Mainstream customer
CUS2152,0,Mainstream customer
CUS2153,0,Mainstream customer
CUS2154,0,Mainstream customer
CUS2155,0,Mainstream customer
CUS2156,0,Mainstream customer
CUS2157,0,Mainstream customer
CUS2158,0,Mainstream customer
CUS2159,0,Mainstream customer
CUS216,0,Mainstream customer
CUS2160,0,Mainstream customer
CUS2161,1,Discount customer
CUS2162,0,Mainstream customer
CUS2163,0,Mainstream customer
CUS2164,0,Mainstream customer
CUS2165,1,Discount customer
CUS2166,0,Mainstream customer
CUS2167,1,Discount customer
CUS2168,1,Discount customer
CUS2169,0,Mainstream customer
CUS217,0,Mainstream customer
CUS2170,0,Mainstream customer
CUS2171,2,Premium Bremen Niche
CUS2172,0,Mainstream customer
CUS2173,0,Mainstream customer
CUS2174,1,Discount customer
CUS2175,0,Mainstream customer
CUS2176,0,Mainstream customer
CUS2177,1,Discount customer
CUS2178,0,Mainstream customer
CUS2179,0,Mainstream customer
CUS218,0,Mainstream customer
CUS2180,0,Mainstream customer
CUS2181,0,Mainstream customer
CUS2182,0,Mainstream customer
CUS2183,0,Mainstream customer
CUS2184,0,Mainstream customer
CUS2185,1,Discount customer
CUS2186,0,Mainstream customer
CUS2187,0,Mainstream customer
CUS2188,1,Discount customer
CUS2189,0,Mainstream customer
CUS219,0,Mainstream customer
CUS2190,1,Discount customer
CUS2191,0,Mainstream customer
CUS2192,0,Mainstream customer
CUS2193,0,Mainstream customer
CUS2194,0,Mainstream customer
CUS2195,0,Mainstream customer
CUS2196,0,Mainstream customer
CUS2197,0,Mainstream customer
CUS2198,1,Discount customer
CUS2199,0,Mainstream customer
CUS22,0,Mainstream customer
CUS220,0,Mainstream customer
CUS2200,1,Discount customer
CUS2201,1,Discount customer
CUS2202,3,Urban Trendy Berlin
CUS2203,1,Discount customer
CUS2204,0,Mainstream customer
CUS2205,0,Mainstream customer
CUS2206,1,Discount customer
CUS2207,1,Discount customer
CUS2208,3,Urban Trendy Berlin
CUS2209,0,Mainstream customer
CUS221,1,Discount customer
CUS2210,1,Discount customer
CUS2211,0,Mainstream customer
CUS2212,1,Discount customer
CUS2213,1,Discount customer
CUS2214,1,Discount customer
CUS2215,0,Mainstream customer
CUS2216,1,Discount customer
CUS2217,0,Mainstream customer
CUS2218,1,Discount customer
CUS2219,0,Mainstream customer
CUS222,0,Mainstream customer
CUS2220,0,Mainstream customer
CUS2221,0,Mainstream customer
CUS2222,1,Discount customer
CUS2223,1,Discount customer
CUS2224,1,Discount customer
CUS2225,0,Mainstream customer
CUS2226,0,Mainstream customer
CUS2227,0,Mainstream customer
CUS2228,1,Discount customer
CUS2229,0,Mainstream customer
CUS223,0,Mainstream customer
CUS2230,3,Urban Trendy Berlin
CUS2231,1,Discount customer
CUS2232,0,Mainstream customer
CUS2233,1,Discount customer
CUS2234,0,Mainstream customer
CUS2235,0,Mainstream customer
CUS2236,0,Mainstream customer
CUS2237,3,Urban Trendy Berlin
CUS2238,0,Mainstream customer
CUS2239,0,Mainstream customer
CUS224,0,Mainstream customer
CUS2240,1,Discount customer
CUS2241,0,Mainstream customer
CUS2242,1,Discount customer
CUS2243,1,Discount customer
CUS2244,0,Mainstream customer
CUS2245,1,Discount customer
CUS2246,2,Premium Bremen Niche
CUS2247,1,Discount customer
CUS2248,0,Mainstream customer
CUS2249,0,Mainstream customer
CUS225,0,Mainstream customer
CUS2250,1,Discount customer
CUS2251,0,Mainstream customer
CUS2252,0,Mainstream customer
CUS2253,0,Mainstream customer
CUS2254,1,Discount customer
CUS2255,0,Mainstream customer
CUS2256,1,Discount customer
CUS2257,0,Mainstream customer
CUS2258,0,Mainstream customer
CUS2259,0,Mainstream customer
CUS226,0,Mainstream customer
CUS2260,2,Premium Bremen Niche
CUS2261,0,Mainstream customer
CUS2262,0,Mainstream customer
CUS2263,1,Discount customer
CUS2264,0,Mainstream customer
CUS2265,1,Discount customer
CUS2266,0,Mainstream customer
CUS2267,0,Mainstream customer
CUS2268,0,Mainstream customer
CUS2269,0,Mainstream customer
CUS227,0,Mainstream customer
CUS2270,0,Mainstream customer
CUS2271,0,Mainstream customer
CUS2272,0,Mainstream customer
CUS2273,1,Discount customer
CUS2274,0,Mainstream customer
CUS2275,0,Mainstream customer
CUS2276,0,Mainstream customer
CUS2277,0,Mainstream customer
CUS2278,1,Discount customer
CUS2279,1,Discount customer
CUS228,0,Mainstream customer
CUS2280,3,Urban Trendy Berlin
CUS2281,0,Mainstream customer
CUS2282,1,Discount customer
CUS2283,0,Mainstream customer
CUS2284,0,Mainstream customer
CUS2285,1,Discount customer
CUS2286,3,Urban Trendy Berlin
CUS2287,0,Mainstream customer
CUS2288,0,Mainstream customer
CUS2289,0,Mainstream customer
CUS229,1,Discount customer
CUS2290,0,Mainstream customer
CUS2291,1,Discount customer
CUS2292,0,Mainstream customer
CUS2293,0,Mainstream customer
CUS2294,1,Discount customer
CUS2295,3,Urban Trendy Berlin
CUS2296,1,Discount customer
CUS2297,0,Mainstream customer
CUS2298,0,Mainstream customer
CUS2299,1,Discount customer
CUS23,0,Mainstream customer
CUS230,1,Discount customer
CUS2300,0,Mainstream customer
CUS2301,0,Mainstream customer
CUS2302,1,Discount customer
CUS2303,1,Discount customer
CUS2304,0,Mainstream customer
CUS2305,0,Mainstream customer
CUS2306,0,Mainstream customer
CUS2307,1,Discount customer
CUS2308,1,Discount customer
CUS2309,1,Discount customer
CUS231,1,Discount customer
CUS2310,0,Mainstream customer
CUS2311,0,Mainstream customer
CUS2312,0,Mainstream customer
CUS2313,0,Mainstream customer
CUS2314,1,Discount customer
CUS2315,0,Mainstream customer
CUS2316,0,Mainstream customer
CUS2317,1,Discount customer
CUS2318,0,Mainstream customer
CUS2319,0,Mainstream customer
CUS232,0,Mainstream customer
CUS2320,0,Mainstream customer
CUS2321,0,Mainstream customer
CUS2322,0,Mainstream customer
CUS2323,0,Mainstream customer
CUS2324,0,Mainstream customer
CUS2325,1,Discount customer
CUS2326,0,Mainstream customer
CUS2327,1,Discount customer
CUS2328,0,Mainstream customer
CUS2329,0,Mainstream customer
CUS233,0,Mainstream customer
CUS2330,0,Mainstream customer
CUS2331,0,Mainstream customer
CUS2332,0,Mainstream customer
CUS2333,0,Mainstream customer
CUS2334,0,Mainstream customer
CUS2335,0,Mainstream customer
CUS2336,0,Mainstream customer
CUS2337,0,Mainstream customer
CUS2338,0,Mainstream customer
CUS2339,0,Mainstream customer
CUS234,1,Discount customer
CUS2340,1,Discount customer
CUS2341,1,Discount customer
CUS2342,1,Discount customer
CUS2343,0,Mainstream customer
CUS2344,0,Mainstream customer
CUS2345,1,Discount customer
CUS2346,1,Discount customer
CUS2347,0,Mainstream customer
CUS2348,1,Discount customer
CUS2349,0,Mainstream customer
CUS235,0,Mainstream customer
CUS2350,1,Discount customer
CUS2351,0,Mainstream customer
CUS2352,0,Mainstream customer
CUS2353,1,Discount customer
CUS2354,0,Mainstream customer
CUS2355,0,Mainstream customer
CUS2356,1,Discount customer
CUS2357,1,Discount customer
CUS2358,0,Mainstream customer
CUS2359,0,Mainstream customer
CUS236,1,Discount customer
CUS2360,0,Mainstream customer
CUS2361,0,Mainstream customer
CUS2362,0,Mainstream customer
CUS2363,0,Mainstream customer
CUS2364,0,Mainstream customer
CUS2365,0,Mainstream customer
CUS2366,1,Discount customer
CUS2367,0,Mainstream customer
CUS2368,0,Mainstream customer
CUS2369,0,Mainstream customer
CUS237,0,Mainstream customer
CUS2370,1,Discount customer
CUS2371,0,Mainstream customer
CUS2372,0,Mainstream customer
CUS2373,1,Discount customer
CUS2374,0,Mainstream customer
CUS2375,0,Mainstream customer
CUS2376,0,Mainstream customer
CUS2377,0,Mainstream customer
CUS2378,0,Mainstream customer
CUS2379,0,Mainstream customer
CUS238,1,Discount customer
CUS2380,1,Discount customer
CUS2381,0,Mainstream customer
CUS2382,0,Mainstream customer
CUS2383,0,Mainstream customer
CUS2384,0,Mainstream customer
CUS2385,0,Mainstream customer
CUS2386,0,Mainstream customer
CUS2387,0,Mainstream customer
CUS2388,0,Mainstream customer
CUS2389,1,Discount customer
CUS239,0,Mainstream customer
CUS2390,1,Discount customer
CUS2391,1,Discount customer
CUS2392,1,Discount customer
CUS2393,1,Discount customer
CUS2394,1,Discount customer
CUS2395,1,Discount customer
CUS2396,0,Mainstream customer
CUS2397,0,Mainstream customer
CUS2398,0,Mainstream customer
CUS2399,0,Mainstream customer
CUS24,1,Discount customer
CUS240,0,Mainstream customer
CUS2400,0,Mainstream customer
CUS2401,0,Mainstream customer
CUS2402,0,Mainstream customer
CUS2403,0,Mainstream customer
CUS2404,0,Mainstream customer
CUS2405,0,Mainstream customer
CUS2406,1,Discount customer
CUS2407,0,Mainstream customer
CUS2408,1,Discount customer
CUS2409,0,Mainstream customer
CUS241,3,Urban Trendy Berlin
CUS2410,0,Mainstream customer
CUS2411,0,Mainstream customer
CUS2412,1,Discount customer
CUS2413,0,Mainstream customer
CUS2414,0,Mainstream customer
CUS2415,0,Mainstream customer
CUS2416,0,Mainstream customer
CUS2417,0,Mainstream customer
CUS2418,0,Mainstream customer
CUS2419,0,Mainstream customer
CUS242,0,Mainstream customer
CUS2420,0,Mainstream customer
CUS2421,0,Mainstream customer
CUS2422,1,Discount customer
CUS2423,1,Discount customer
CUS2424,0,Mainstream customer
CUS2425,1,Discount customer
CUS2426,2,Premium Bremen Niche
CUS2427,1,Discount customer
CUS2428,0,Mainstream customer
CUS2429,0,Mainstream customer
CUS243,0,Mainstream customer
CUS2430,1,Discount customer
CUS2431,0,Mainstream customer
CUS2432,0,Mainstream customer
CUS2433,0,Mainstream customer
CUS2434,0,Mainstream customer
CUS2435,0,Mainstream customer
CUS2436,0,Mainstream customer
CUS2437,0,Mainstream customer
CUS2438,1,Discount customer
CUS2439,1,Discount customer
CUS244,0,Mainstream customer
CUS2440,0,Mainstream customer
CUS2441,0,Mainstream customer
CUS2442,0,Mainstream customer
CUS2443,1,Discount customer
CUS2444,0,Mainstream customer
CUS2445,0,Mainstream customer
CUS2446,1,Discount customer
CUS2447,3,Urban Trendy Berlin
CUS2448,1,Discount customer
CUS2449,0,Mainstream customer
CUS245,1,Discount customer
CUS2450,0,Mainstream customer
CUS2451,0,Mainstream customer
CUS2452,0,Mainstream customer
CUS2453,1,Discount customer
CUS2454,0,Mainstream customer
CUS2455,0,Mainstream customer
CUS2456,0,Mainstream customer
CUS2457,0,Mainstream customer
CUS2458,0,Mainstream customer
CUS2459,1,Discount customer
CUS246,1,Discount customer
CUS2460,0,Mainstream customer
CUS2461,0,Mainstream customer
CUS2462,0,Mainstream customer
CUS2463,1,Discount customer
CUS2464,1,Discount customer
CUS2465,3,Urban Trendy Berlin
CUS2466,0,Mainstream customer
CUS2467,1,Discount customer
CUS2468,0,Mainstream customer
CUS2469,1,Discount customer
CUS247,2,Premium Bremen Niche
CUS2470,0,Mainstream customer
CUS2471,0,Mainstream customer
CUS2472,1,Discount customer
CUS2473,1,Discount customer
CUS2474,0,Mainstream customer
CUS2475,0,Mainstream customer
CUS2476,0,Mainstream customer
CUS2477,0,Mainstream customer
CUS2478,1,Discount customer
CUS2479,1,Discount customer
CUS248,0,Mainstream customer
CUS2480,0,Mainstream customer
CUS2481,0,Mainstream customer
CUS2482,0,Mainstream customer
CUS2483,0,Mainstream customer
CUS2484,1,Discount customer
CUS2485,0,Mainstream customer
CUS2486,0,Mainstream customer
CUS2487,0,Mainstream customer
CUS2488,3,Urban Trendy Berlin
CUS2489,0,Mainstream customer
CUS249,2,Premium Bremen Niche
CUS2490,0,Mainstream customer
CUS2491,0,Mainstream customer
CUS2492,0,Mainstream customer
CUS2493,1,Discount customer
CUS2494,0,Mainstream customer
CUS2495,0,Mainstream customer
CUS2496,0,Mainstream customer
CUS2497,1,Discount customer
CUS2498,0,Mainstream customer
CUS2499,0,Mainstream customer
CUS25,0,Mainstream customer
CUS250,1,Discount customer
CUS2500,0,Mainstream customer
CUS2501,0,Mainstream customer
CUS2502,0,Mainstream customer
CUS2503,0,Mainstream customer
CUS2504,0,Mainstream customer
CUS2505,0,Mainstream customer
CUS2506,0,Mainstream customer
CUS2507,0,Mainstream customer
CUS2508,1,Discount customer
CUS2509,0,Mainstream customer
CUS251,3,Urban Trendy Berlin
CUS2510,0,Mainstream customer
CUS2511,0,Mainstream customer
CUS2512,0,Mainstream customer
CUS2513,0,Mainstream customer
CUS2514,0,Mainstream customer
CUS2515,1,Discount customer
CUS2516,1,Discount customer
CUS2517,0,Mainstream customer
CUS2518,1,Discount customer
CUS2519,1,Discount customer
CUS252,0,Mainstream customer
CUS2520,0,Mainstream customer
CUS2521,0,Mainstream customer
CUS2522,1,Discount customer
CUS2523,0,Mainstream customer
CUS2524,0,Mainstream customer
CUS2525,1,Discount customer
CUS2526,0,Mainstream customer
CUS2527,1,Discount customer
CUS2528,0,Mainstream customer
CUS2529,0,Mainstream customer
CUS253,3,Urban Trendy Berlin
CUS2530,1,Discount customer
CUS2531,0,Mainstream customer
CUS2532,0,Mainstream customer
CUS2533,1,Discount customer
CUS2534,1,Discount customer
CUS2535,1,Discount customer
CUS2536,0,Mainstream customer
CUS2537,0,Mainstream customer
CUS2538,0,Mainstream customer
CUS2539,1,Discount customer
CUS254,1,Discount customer
CUS2540,0,Mainstream customer
CUS2541,0,Mainstream customer
CUS2542,1,Discount customer
CUS2543,0,Mainstream customer
CUS2544,1,Discount customer
CUS2545,0,Mainstream customer
CUS2546,0,Mainstream customer
CUS2547,1,Discount customer
CUS2548,0,Mainstream customer
CUS2549,0,Mainstream customer
CUS255,1,Discount customer
CUS2550,0,Mainstream customer
CUS2551,1,Discount customer
CUS2552,2,Premium Bremen Niche
CUS2553,1,Discount customer
CUS2554,1,Discount customer
CUS2555,1,Discount customer
CUS2556,0,Mainstream customer
CUS2557,1,Discount customer
CUS2558,0,Mainstream customer
CUS2559,0,Mainstream customer
CUS256,0,Mainstream customer
CUS2560,0,Mainstream customer
CUS2561,0,Mainstream customer
CUS2562,1,Discount customer
CUS2563,0,Mainstream customer
CUS2564,0,Mainstream customer
CUS2565,1,Discount customer
CUS2566,1,Discount customer
CUS2567,0,Mainstream customer
CUS2568,0,Mainstream customer
CUS2569,0,Mainstream customer
CUS257,0,Mainstream customer
CUS2570,0,Mainstream customer
CUS2571,1,Discount customer
CUS2572,1,Discount customer
CUS2573,0,Mainstream customer
CUS2574,0,Mainstream customer
CUS2575,0,Mainstream customer
CUS2576,1,Discount customer
CUS2577,0,Mainstream customer
CUS2578,0,Mainstream customer
CUS2579,0,Mainstream customer
CUS258,0,Mainstream customer
CUS2580,0,Mainstream customer
CUS2581,1,Discount customer
CUS2582,0,Mainstream customer
CUS2583,1,Discount customer
CUS2584,1,Discount customer
CUS2585,1,Discount customer
CUS2586,1,Discount customer
CUS2587,0,Mainstream customer
CUS2588,0,Mainstream customer
CUS2589,0,Mainstream customer
CUS259,1,Discount customer
CUS2590,2,Premium Bremen Niche
CUS2591,0,Mainstream customer
CUS2592,1,Discount customer
CUS2593,0,Mainstream customer
CUS2594,0,Mainstream customer
CUS2595,0,Mainstream customer
CUS2596,0,Mainstream customer
CUS2597,1,Discount customer
CUS2598,1,Discount customer
CUS2599,1,Discount customer
CUS26,0,Mainstream customer
CUS260,0,Mainstream customer
CUS2600,0,Mainstream customer
CUS2601,1,Discount customer
CUS2602,0,Mainstream customer
CUS2603,1,Discount customer
CUS2604,1,Discount customer
CUS2605,1,Discount customer
CUS2606,1,Discount customer
CUS2607,1,Discount customer
CUS2608,0,Mainstream customer
CUS2609,0,Mainstream customer
CUS261,2,Premium Bremen Niche
CUS2610,3,Urban Trendy Berlin
CUS2611,0,Mainstream customer
CUS2612,0,Mainstream customer
CUS2613,1,Discount customer
CUS2614,0,Mainstream customer
CUS2615,1,Discount customer
CUS2616,0,Mainstream customer
CUS2617,1,Discount customer
CUS2618,1,Discount customer
CUS2619,1,Discount customer
CUS262,1,Discount customer
CUS2620,0,Mainstream customer
CUS2621,1,Discount customer
CUS2622,0,Mainstream customer
CUS2623,0,Mainstream customer
CUS2624,0,Mainstream customer
CUS2625,1,Discount customer
CUS2626,1,Discount customer
CUS2627,0,Mainstream customer
CUS2628,0,Mainstream customer
CUS2629,0,Mainstream customer
CUS263,0,Mainstream customer
CUS2630,0,Mainstream customer
CUS2631,0,Mainstream customer
CUS2632,1,Discount customer
CUS2633,0,Mainstream customer
CUS2634,2,Premium Bremen Niche
CUS2635,1,Discount customer
CUS2636,0,Mainstream customer
CUS2637,1,Discount customer
CUS2638,1,Discount customer
CUS2639,1,Discount customer
CUS264,0,Mainstream customer
CUS2640,0,Mainstream customer
CUS2641,0,Mainstream customer
CUS2642,1,Discount customer
CUS2643,1,Discount customer
CUS2644,0,Mainstream customer
CUS2645,0,Mainstream customer
CUS2646,0,Mainstream customer
CUS2647,0,Mainstream customer
CUS2648,0,Mainstream customer
CUS2649,0,Mainstream customer
CUS265,0,Mainstream customer
CUS2650,0,Mainstream customer
CUS2651,1,Discount customer
CUS2652,0,Mainstream customer
CUS2653,1,Discount customer
CUS2654,0,Mainstream customer
CUS2655,0,Mainstream customer
CUS2656,1,Discount customer
CUS2657,0,Mainstream customer
CUS2658,0,Mainstream customer
CUS2659,1,Discount customer
CUS266,1,Discount customer
CUS2660,0,Mainstream customer
CUS2661,1,Discount customer
CUS2662,1,Discount customer
CUS2663,0,Mainstream customer
CUS2664,0,Mainstream customer
CUS2665,0,Mainstream customer
CUS2666,0,Mainstream customer
CUS2667,0,Mainstream customer
CUS2668,0,Mainstream customer
CUS2669,0,Mainstream customer
CUS267,0,Mainstream customer
CUS2670,1,Discount customer
CUS2671,0,Mainstream customer
CUS2672,0,Mainstream customer
CUS2673,0,Mainstream customer
CUS2674,1,Discount customer
CUS2675,0,Mainstream customer
CUS2676,1,Discount customer
CUS2677,0,Mainstream customer
CUS2678,0,Mainstream customer
CUS2679,2,Premium Bremen Niche
CUS268,0,Mainstream customer
CUS2680,0,Mainstream customer
CUS2681,1,Discount customer
CUS2682,0,Mainstream customer
CUS2683,0,Mainstream customer
CUS2684,0,Mainstream customer
CUS2685,0,Mainstream customer
CUS2686,0,Mainstream customer
CUS2687,1,Discount customer
CUS2688,1,Discount customer
CUS2689,0,Mainstream customer
CUS269,0,Mainstream customer
CUS2690,1,Discount customer
CUS2691,0,Mainstream customer
CUS2692,0,Mainstream customer
CUS2693,0,Mainstream customer
CUS2694,0,Mainstream customer
CUS2695,1,Discount customer
CUS2696,1,Discount customer
CUS2697,1,Discount customer
CUS2698,0,Mainstream customer
CUS2699,3,Urban Trendy Berlin
CUS27,0,Mainstream customer
CUS270,0,Mainstream customer
CUS2700,0,Mainstream customer
CUS2701,0,Mainstream customer
CUS2702,1,Discount customer
CUS2703,0,Mainstream customer
CUS2704,0,Mainstream customer
CUS2705,1,Discount customer
CUS2706,0,Mainstream customer
CUS2707,1,Discount customer
CUS2708,0,Mainstream customer
CUS2709,0,Mainstream customer
CUS271,0,Mainstream customer
CUS2710,0,Mainstream customer
CUS2711,0,Mainstream customer
CUS2712,0,Mainstream customer
CUS2713,0,Mainstream customer
CUS2714,0,Mainstream customer
CUS2715,0,Mainstream customer
CUS2716,1,Discount customer
CUS2717,1,Discount customer
CUS2718,0,Mainstream customer
CUS2719,1,Discount customer
CUS272,2,Premium Bremen Niche
CUS2720,0,Mainstream customer
CUS2721,0,Mainstream customer
CUS2722,1,Discount customer
CUS2723,0,Mainstream customer
CUS2724,0,Mainstream customer
CUS2725,1,Discount customer
CUS2726,0,Mainstream customer
CUS2727,1,Discount customer
CUS2728,1,Discount customer
CUS2729,2,Premium Bremen Niche
CUS273,0,Mainstream customer
CUS2730,0,Mainstream customer
CUS2731,0,Mainstream customer
CUS2732,1,Discount customer
CUS2733,1,Discount customer
CUS2734,0,Mainstream customer
CUS2735,0,Mainstream customer
CUS2736,0,Mainstream customer
CUS2737,0,Mainstream customer
CUS2738,1,Discount customer
CUS2739,1,Discount customer
CUS274,0,Mainstream customer
CUS2740,0,Mainstream customer
CUS2741,0,Mainstream customer
CUS2742,1,Discount customer
CUS2743,0,Mainstream customer
CUS2744,0,Mainstream customer
CUS2745,1,Discount customer
CUS2746,0,Mainstream customer
CUS2747,1,Discount customer
CUS2748,0,Mainstream customer
CUS2749,1,Discount customer
CUS275,0,Mainstream customer
CUS2750,0,Mainstream customer
CUS2751,1,Discount customer
CUS2752,0,Mainstream customer
CUS2753,0,Mainstream customer
CUS2754,3,Urban Trendy Berlin
CUS2755,0,Mainstream customer
CUS2756,1,Discount customer
CUS2757,0,Mainstream customer
CUS2758,0,Mainstream customer
CUS2759,1,Discount customer
CUS276,0,Mainstream customer
CUS2760,0,Mainstream customer
CUS2761,0,Mainstream customer
CUS2762,2,Premium Bremen Niche
CUS2763,0,Mainstream customer
CUS2764,0,Mainstream customer
CUS2765,1,Discount customer
CUS2766,0,Mainstream customer
CUS2767,0,Mainstream customer
CUS2768,1,Discount customer
CUS2769,1,Discount customer
CUS277,0,Mainstream customer
CUS2770,0,Mainstream customer
CUS2771,1,Discount customer
CUS2772,0,Mainstream customer
CUS2773,1,Discount customer
CUS2774,1,Discount customer
CUS2775,1,Discount customer
CUS2776,0,Mainstream customer
CUS2777,0,Mainstream customer
CUS2778,0,Mainstream customer
CUS2779,0,Mainstream customer
CUS278,0,Mainstream customer
CUS2780,0,Mainstream customer
CUS2781,1,Discount customer
CUS2782,0,Mainstream customer
CUS2783,0,Mainstream customer
CUS2784,0,Mainstream customer
CUS2785,2,Premium Bremen Niche
CUS2786,0,Mainstream customer
CUS2787,1,Discount customer
CUS2788,0,Mainstream customer
CUS2789,1,Discount customer
CUS279,1,Discount customer
CUS2790,0,Mainstream customer
CUS2791,0,Mainstream customer
CUS2792,0,Mainstream customer
CUS2793,0,Mainstream customer
CUS2794,0,Mainstream customer
CUS2795,0,Mainstream customer
CUS2796,0,Mainstream customer
CUS2797,1,Discount customer
CUS2798,1,Discount customer
CUS2799,0,Mainstream customer
CUS28,0,Mainstream customer
CUS280,1,Discount customer
CUS2800,0,Mainstream customer
CUS2801,0,Mainstream customer
CUS2802,0,Mainstream customer
CUS2803,1,Discount customer
CUS2804,0,Mainstream customer
CUS2805,1,Discount customer
CUS2806,0,Mainstream customer
CUS2807,0,Mainstream customer
CUS2808,0,Mainstream customer
CUS2809,0,Mainstream customer
CUS281,0,Mainstream customer
CUS2810,1,Discount customer
CUS2811,0,Mainstream customer
CUS2812,1,Discount customer
CUS2813,0,Mainstream customer
CUS2814,0,Mainstream customer
CUS2815,0,Mainstream customer
CUS2816,2,Premium Bremen Niche
CUS2817,1,Discount customer
CUS2818,0,Mainstream customer
CUS2819,0,Mainstream customer
CUS282,0,Mainstream customer
CUS2820,0,Mainstream customer
CUS2821,0,Mainstream customer
CUS2822,2,Premium Bremen Niche
CUS2823,0,Mainstream customer
CUS2824,0,Mainstream customer
CUS2825,0,Mainstream customer
CUS2826,0,Mainstream customer
CUS2827,0,Mainstream customer
CUS2828,0,Mainstream customer
CUS2829,0,Mainstream customer
CUS283,1,Discount customer
CUS2830,0,Mainstream customer
CUS2831,1,Discount customer
CUS2832,0,Mainstream customer
CUS2833,0,Mainstream customer
CUS2834,1,Discount customer
CUS2835,0,Mainstream customer
CUS2836,1,Discount customer
CUS2837,1,Discount customer
CUS2838,0,Mainstream customer
CUS2839,0,Mainstream customer
CUS284,1,Discount customer
CUS2840,0,Mainstream customer
CUS2841,0,Mainstream customer
CUS2842,0,Mainstream customer
CUS2843,0,Mainstream customer
CUS2844,0,Mainstream customer
CUS2845,1,Discount customer
CUS2846,1,Discount customer
CUS2847,0,Mainstream customer
CUS2848,0,Mainstream customer
CUS2849,0,Mainstream customer
CUS285,1,Discount customer
CUS2850,1,Discount customer
CUS2851,0,Mainstream customer
CUS2852,0,Mainstream customer
CUS2853,0,Mainstream customer
CUS2854,0,Mainstream customer
CUS2855,1,Discount customer
CUS2856,0,Mainstream customer
CUS2857,1,Discount customer
CUS2858,1,Discount customer
CUS2859,0,Mainstream customer
CUS286,2,Premium Bremen Niche
CUS2860,0,Mainstream customer
CUS2861,0,Mainstream customer
CUS2862,1,Discount customer
CUS2863,1,Discount customer
CUS2864,0,Mainstream customer
CUS2865,0,Mainstream customer
CUS2866,0,Mainstream customer
CUS2867,0,Mainstream customer
CUS2868,0,Mainstream customer
CUS2869,0,Mainstream customer
CUS287,1,Discount customer
CUS2870,0,Mainstream customer
CUS2871,1,Discount customer
CUS2872,1,Discount customer
CUS2873,3,Urban Trendy Berlin
CUS2874,0,Mainstream customer
CUS2875,1,Discount customer
CUS2876,0,Mainstream customer
CUS2877,0,Mainstream customer
CUS2878,0,Mainstream customer
CUS2879,0,Mainstream customer
CUS288,0,Mainstream customer
CUS2880,0,Mainstream customer
CUS2881,0,Mainstream customer
CUS2882,1,Discount customer
CUS2883,0,Mainstream customer
CUS2884,0,Mainstream customer
CUS2885,0,Mainstream customer
CUS2886,0,Mainstream customer
CUS2887,0,Mainstream customer
CUS2888,0,Mainstream customer
CUS2889,0,Mainstream customer
CUS289,0,Mainstream customer
CUS2890,0,Mainstream customer
CUS2891,0,Mainstream customer
CUS2892,0,Mainstream customer
CUS2893,0,Mainstream customer
CUS2894,1,Discount customer
CUS2895,0,Mainstream customer
CUS2896,0,Mainstream customer
CUS2897,0,Mainstream customer
CUS2898,0,Mainstream customer
CUS2899,1,Discount customer
CUS29,1,Discount customer
CUS290,1,Discount customer
CUS2900,0,Mainstream customer
CUS2901,1,Discount customer
CUS2902,0,Mainstream customer
CUS2903,1,Discount customer
CUS2904,0,Mainstream customer
CUS2905,0,Mainstream customer
CUS2906,0,Mainstream customer
CUS2907,0,Mainstream customer
CUS2908,1,Discount customer
CUS2909,0,Mainstream customer
CUS291,0,Mainstream customer
CUS2910,0,Mainstream customer
CUS2911,1,Discount customer
CUS2912,0,Mainstream customer
CUS2913,0,Mainstream customer
CUS2914,0,Mainstream customer
CUS2915,0,Mainstream customer
CUS2916,0,Mainstream customer
CUS2917,0,Mainstream customer
CUS2918,0,Mainstream customer
CUS2919,0,Mainstream customer
CUS292,3,Urban Trendy Berlin
CUS2920,0,Mainstream customer
CUS2921,1,Discount customer
CUS2922,0,Mainstream customer
CUS2923,1,Discount customer
CUS2924,0,Mainstream customer
CUS2925,0,Mainstream customer
CUS2926,0,Mainstream customer
CUS2927,1,Discount customer
CUS2928,0,Mainstream customer
CUS2929,0,Mainstream customer
CUS293,0,Mainstream customer
CUS2930,0,Mainstream customer
CUS2931,3,Urban Trendy Berlin
CUS2932,1,Discount customer
CUS2933,0,Mainstream customer
CUS2934,0,Mainstream customer
CUS2935,0,Mainstream customer
CUS2936,0,Mainstream customer
CUS2937,0,Mainstream customer
CUS2938,0,Mainstream customer
CUS2939,0,Mainstream customer
CUS294,0,Mainstream customer
CUS2940,3,Urban Trendy Berlin
CUS2941,0,Mainstream customer
CUS2942,0,Mainstream customer
CUS2943,0,Mainstream customer
CUS2944,1,Discount customer
CUS2945,0,Mainstream customer
CUS2946,0,Mainstream customer
CUS2947,1,Discount customer
CUS2948,0,Mainstream customer
CUS2949,1,Discount customer
CUS295,0,Mainstream customer
CUS2950,0,Mainstream customer
CUS2951,0,Mainstream customer
CUS2952,1,Discount customer
CUS2953,1,Discount customer
CUS2954,0,Mainstream customer
CUS2955,0,Mainstream customer
CUS2956,0,Mainstream customer
CUS2957,0,Mainstream customer
CUS2958,0,Mainstream customer
CUS2959,0,Mainstream customer
CUS296,0,Mainstream customer
CUS2960,0,Mainstream customer
CUS2961,0,Mainstream customer
CUS2962,1,Discount customer
CUS2963,0,Mainstream customer
CUS2964,0,Mainstream customer
CUS2965,0,Mainstream customer
CUS2966,0,Mainstream customer
CUS2967,1,Discount customer
CUS2968,0,Mainstream customer
CUS2969,0,Mainstream customer
CUS297,1,Discount customer
CUS2970,0,Mainstream customer
CUS2971,1,Discount customer
CUS2972,1,Discount customer
CUS2973,0,Mainstream customer
CUS2974,0,Mainstream customer
CUS2975,0,Mainstream customer
CUS2976,0,Mainstream customer
CUS2977,0,Mainstream customer
CUS2978,0,Mainstream customer
CUS2979,1,Discount customer
CUS298,0,Mainstream customer
CUS2980,1,Discount customer
CUS2981,0,Mainstream customer
CUS2982,0,Mainstream customer
CUS2983,0,Mainstream customer
CUS2984,0,Mainstream customer
CUS2985,2,Premium Bremen Niche
CUS2986,0,Mainstream customer
CUS2987,0,Mainstream customer
CUS2988,1,Discount customer
CUS2989,1,Discount customer
CUS299,0,Mainstream customer
CUS2990,0,Mainstream customer
CUS2991,0,Mainstream customer
CUS2992,0,Mainstream customer
CUS2993,0,Mainstream customer
CUS2994,1,Discount customer
CUS2995,1,Discount customer
CUS2996,0,Mainstream customer
CUS2997,0,Mainstream customer
CUS2998,0,Mainstream customer
CUS2999,1,Discount customer
CUS3,1,Discount customer
CUS30,0,Mainstream customer
CUS300,0,Mainstream customer
CUS3000,0,Mainstream customer
CUS3001,1,Discount customer
CUS3002,1,Discount customer
CUS3003,1,Discount customer
CUS3004,1,Discount customer
CUS3005,1,Discount customer
CUS3006,0,Mainstream customer
CUS3007,1,Discount customer
CUS3008,0,Mainstream customer
CUS3009,0,Mainstream customer
CUS301,0,Mainstream customer
CUS3010,0,Mainstream customer
CUS3011,0,Mainstream customer
CUS3012,0,Mainstream customer
CUS3013,3,Urban Trendy Berlin
CUS3014,0,Mainstream customer
CUS3015,2,Premium Bremen Niche
CUS3016,0,Mainstream customer
CUS3017,1,Discount customer
CUS3018,0,Mainstream customer
CUS3019,0,Mainstream customer
CUS302,1,Discount customer
CUS3020,0,Mainstream customer
CUS3021,0,Mainstream customer
CUS3022,1,Discount customer
CUS3023,0,Mainstream customer
CUS3024,0,Mainstream customer
CUS3025,1,Discount customer
CUS3026,0,Mainstream customer
CUS3027,3,Urban Trendy Berlin
CUS3028,1,Discount customer
CUS3029,1,Discount customer
CUS303,3,Urban Trendy Berlin
CUS3030,0,Mainstream customer
CUS3031,1,Discount customer
CUS3032,0,Mainstream customer
CUS3033,0,Mainstream customer
CUS3034,0,Mainstream customer
CUS3035,0,Mainstream customer
CUS3036,0,Mainstream customer
CUS3037,0,Mainstream customer
CUS3038,1,Discount customer
CUS3039,0,Mainstream customer
CUS304,1,Discount customer
CUS3040,0,Mainstream customer
CUS3041,0,Mainstream customer
CUS3042,0,Mainstream customer
CUS3043,0,Mainstream customer
CUS3044,0,Mainstream customer
CUS3045,0,Mainstream customer
CUS3046,0,Mainstream customer
CUS3047,0,Mainstream customer
CUS3048,1,Discount customer
CUS3049,1,Discount customer
CUS305,0,Mainstream customer
CUS3050,0,Mainstream customer
CUS3051,1,Discount customer
CUS3052,0,Mainstream customer
CUS3053,1,Discount customer
CUS3054,0,Mainstream customer
CUS3055,1,Discount customer
CUS3056,0,Mainstream customer
CUS3057,0,Mainstream customer
CUS3058,1,Discount customer
CUS3059,1,Discount customer
CUS306,2,Premium Bremen Niche
CUS3060,0,Mainstream customer
CUS3061,0,Mainstream customer
CUS3062,1,Discount customer
CUS3063,0,Mainstream customer
CUS3064,1,Discount customer
CUS3065,0,Mainstream customer
CUS3066,0,Mainstream customer
CUS3067,0,Mainstream customer
CUS3068,0,Mainstream customer
CUS3069,0,Mainstream customer
CUS307,1,Discount customer
CUS3070,1,Discount customer
CUS3071,0,Mainstream customer
CUS3072,1,Discount customer
CUS3073,1,Discount customer
CUS3074,0,Mainstream customer
CUS3075,1,Discount customer
CUS3076,1,Discount customer
CUS3077,0,Mainstream customer
CUS3078,0,Mainstream customer
CUS3079,0,Mainstream customer
CUS308,0,Mainstream customer
CUS3080,0,Mainstream customer
CUS3081,0,Mainstream customer
CUS3082,1,Discount customer
CUS3083,0,Mainstream customer
CUS3084,0,Mainstream customer
CUS3085,0,Mainstream customer
CUS3086,1,Discount customer
CUS3087,0,Mainstream customer
CUS3088,0,Mainstream customer
CUS3089,0,Mainstream customer
CUS309,0,Mainstream customer
CUS3090,0,Mainstream customer
CUS3091,0,Mainstream customer
CUS3092,0,Mainstream customer
CUS3093,0,Mainstream customer
CUS3094,0,Mainstream customer
CUS3095,1,Discount customer
CUS3096,1,Discount customer
CUS3097,0,Mainstream customer
CUS3098,3,Urban Trendy Berlin
CUS3099,2,Premium Bremen Niche
CUS31,1,Discount customer
CUS310,0,Mainstream customer
CUS3100,0,Mainstream customer
CUS3101,1,Discount customer
CUS3102,0,Mainstream customer
CUS3103,1,Discount customer
CUS3104,0,Mainstream customer
CUS3105,0,Mainstream customer
CUS3106,0,Mainstream customer
CUS3107,1,Discount customer
CUS3108,0,Mainstream customer
CUS3109,0,Mainstream customer
CUS311,1,Discount customer
CUS3110,0,Mainstream customer
CUS3111,1,Discount customer
CUS3112,1,Discount customer
CUS3113,1,Discount customer
CUS3114,0,Mainstream customer
CUS3115,0,Mainstream customer
CUS3116,1,Discount customer
CUS3117,1,Discount customer
CUS3118,1,Discount customer
CUS3119,0,Mainstream customer
CUS312,1,Discount customer
CUS3120,0,Mainstream customer
CUS3121,1,Discount customer
CUS3122,0,Mainstream customer
CUS3123,1,Discount customer
CUS3124,0,Mainstream customer
CUS3125,2,Premium Bremen Niche
CUS3126,0,Mainstream customer
CUS3127,1,Discount customer
CUS3128,0,Mainstream customer
CUS3129,1,Discount customer
CUS313,1,Discount customer
CUS3130,0,Mainstream customer
CUS3131,1,Discount customer
CUS3132,0,Mainstream customer
CUS3133,2,Premium Bremen Niche
CUS3134,0,Mainstream customer
CUS3135,0,Mainstream customer
CUS3136,0,Mainstream customer
CUS3137,0,Mainstream customer
CUS3138,0,Mainstream customer
CUS3139,0,Mainstream customer
CUS314,1,Discount customer
CUS3140,1,Discount customer
CUS3141,0,Mainstream customer
CUS3142,0,Mainstream customer
CUS3143,0,Mainstream customer
CUS3144,1,Discount customer
CUS3145,2,Premium Bremen Niche
CUS3146,2,Premium Bremen Niche
CUS3147,0,Mainstream customer
CUS3148,1,Discount customer
CUS3149,1,Discount customer
CUS315,0,Mainstream customer
CUS3150,0,Mainstream customer
CUS3151,0,Mainstream customer
CUS3152,0,Mainstream customer
CUS3153,1,Discount customer
CUS3154,0,Mainstream customer
CUS3155,1,Discount customer
CUS3156,0,Mainstream customer
CUS3157,2,Premium Bremen Niche
CUS3158,0,Mainstream customer
CUS3159,0,Mainstream customer
CUS316,0,Mainstream customer
CUS3160,1,Discount customer
CUS3161,0,Mainstream customer
CUS3162,0,Mainstream customer
CUS3163,0,Mainstream customer
CUS3164,0,Mainstream customer
CUS3165,1,Discount customer
CUS3166,0,Mainstream customer
CUS3167,0,Mainstream customer
CUS3168,0,Mainstream customer
CUS3169,0,Mainstream customer
CUS317,1,Discount customer
CUS3170,0,Mainstream customer
CUS3171,3,Urban Trendy Berlin
CUS3172,0,Mainstream customer
CUS3173,1,Discount customer
CUS3174,0,Mainstream customer
CUS3175,1,Discount customer
CUS3176,0,Mainstream customer
CUS3177,0,Mainstream customer
CUS3178,0,Mainstream customer
CUS3179,0,Mainstream customer
CUS318,0,Mainstream customer
CUS3180,0,Mainstream customer
CUS3181,0,Mainstream customer
CUS3182,2,Premium Bremen Niche
CUS3183,0,Mainstream customer
CUS3184,0,Mainstream customer
CUS3185,1,Discount customer
CUS3186,1,Discount customer
CUS3187,0,Mainstream customer
CUS3188,0,Mainstream customer
CUS3189,1,Discount customer
CUS319,0,Mainstream customer
CUS3190,1,Discount customer
CUS3191,1,Discount customer
CUS3192,0,Mainstream customer
CUS3193,0,Mainstream customer
CUS3194,0,Mainstream customer
CUS3195,1,Discount customer
CUS3196,0,Mainstream customer
CUS3197,0,Mainstream customer
CUS3198,0,Mainstream customer
CUS3199,0,Mainstream customer
CUS32,0,Mainstream customer
CUS320,0,Mainstream customer
CUS3200,0,Mainstream customer
CUS3201,0,Mainstream customer
CUS3202,0,Mainstream customer
CUS3203,1,Discount customer
CUS3204,1,Discount customer
CUS3205,3,Urban Trendy Berlin
CUS3206,2,Premium Bremen Niche
CUS3207,0,Mainstream customer
CUS3208,0,Mainstream customer
CUS3209,1,Discount customer
CUS321,0,Mainstream customer
CUS3210,0,Mainstream customer
CUS3211,0,Mainstream customer
CUS3212,1,Discount customer
CUS3213,0,Mainstream customer
CUS3214,0,Mainstream customer
CUS3215,0,Mainstream customer
CUS3216,1,Discount customer
CUS3217,0,Mainstream customer
CUS3218,0,Mainstream customer
CUS3219,0,Mainstream customer
CUS322,0,Mainstream customer
CUS3220,1,Discount customer
CUS3221,1,Discount customer
CUS3222,1,Discount customer
CUS3223,0,Mainstream customer
CUS3224,0,Mainstream customer
CUS3225,0,Mainstream customer
CUS3226,0,Mainstream customer
CUS3227,1,Discount customer
CUS3228,0,Mainstream customer
CUS3229,1,Discount customer
CUS323,1,Discount customer
CUS3230,0,Mainstream customer
CUS3231,1,Discount customer
CUS3232,0,Mainstream customer
CUS3233,0,Mainstream customer
CUS3234,0,Mainstream customer
CUS3235,3,Urban Trendy Berlin
CUS3236,0,Mainstream customer
CUS3237,0,Mainstream customer
CUS3238,0,Mainstream customer
CUS3239,0,Mainstream customer
CUS324,1,Discount customer
CUS3240,0,Mainstream customer
CUS3241,0,Mainstream customer
CUS3242,0,Mainstream customer
CUS3243,0,Mainstream customer
CUS3244,0,Mainstream customer
CUS3245,1,Discount customer
CUS3246,0,Mainstream customer
CUS3247,0,Mainstream customer
CUS3248,1,Discount customer
CUS3249,1,Discount customer
CUS325,0,Mainstream customer
CUS3250,1,Discount customer
CUS3251,1,Discount customer
CUS3252,0,Mainstream customer
CUS3253,0,Mainstream customer
CUS3254,0,Mainstream customer
CUS3255,0,Mainstream customer
CUS3256,0,Mainstream customer
CUS3257,1,Discount customer
CUS3258,1,Discount customer
CUS3259,0,Mainstream customer
CUS326,0,Mainstream customer
CUS3260,0,Mainstream customer
CUS3261,3,Urban Trendy Berlin
CUS3262,0,Mainstream customer
CUS3263,0,Mainstream customer
CUS3264,1,Discount customer
CUS3265,1,Discount customer
CUS3266,1,Discount customer
CUS3267,0,Mainstream customer
CUS3268,0,Mainstream customer
CUS3269,3,Urban Trendy Berlin
CUS327,0,Mainstream customer
CUS3270,0,Mainstream customer
CUS3271,1,Discount customer
CUS3272,0,Mainstream customer
CUS3273,1,Discount customer
CUS3274,0,Mainstream customer
CUS3275,0,Mainstream customer
CUS3276,0,Mainstream customer
CUS3277,1,Discount customer
CUS3278,0,Mainstream customer
CUS3279,0,Mainstream customer
CUS328,1,Discount customer
CUS3280,0,Mainstream customer
CUS3281,0,Mainstream customer
CUS3282,0,Mainstream customer
CUS3283,0,Mainstream customer
CUS3284,0,Mainstream customer
CUS3285,1,Discount customer
CUS3286,0,Mainstream customer
CUS3287,0,Mainstream customer
CUS3288,0,Mainstream customer
CUS3289,0,Mainstream customer
CUS329,0,Mainstream customer
CUS3290,0,Mainstream customer
CUS3291,0,Mainstream customer
CUS3292,1,Discount customer
CUS3293,0,Mainstream customer
CUS3294,0,Mainstream customer
CUS3295,1,Discount customer
CUS3296,0,Mainstream customer
CUS3297,0,Mainstream customer
CUS3298,1,Discount customer
CUS3299,0,Mainstream customer
CUS33,1,Discount customer
CUS330,0,Mainstream customer
CUS3300,0,Mainstream customer
CUS3301,0,Mainstream customer
CUS3302,0,Mainstream customer
CUS3303,1,Discount customer
CUS3304,0,Mainstream customer
CUS3305,0,Mainstream customer
CUS3306,1,Discount customer
CUS3307,0,Mainstream customer
CUS3308,1,Discount customer
CUS3309,1,Discount customer
CUS331,0,Mainstream customer
CUS3310,0,Mainstream customer
CUS3311,0,Mainstream customer
CUS3312,0,Mainstream customer
CUS3313,0,Mainstream customer
CUS3314,0,Mainstream customer
CUS3315,0,Mainstream customer
CUS3316,0,Mainstream customer
CUS3317,0,Mainstream customer
CUS3318,0,Mainstream customer
CUS3319,0,Mainstream customer
CUS332,0,Mainstream customer
CUS3320,0,Mainstream customer
CUS3321,1,Discount customer
CUS3322,2,Premium Bremen Niche
CUS3323,0,Mainstream customer
CUS3324,1,Discount customer
CUS3325,1,Discount customer
CUS3326,0,Mainstream customer
CUS3327,0,Mainstream customer
CUS3328,0,Mainstream customer
CUS3329,0,Mainstream customer
CUS333,0,Mainstream customer
CUS3330,1,Discount customer
CUS3331,3,Urban Trendy Berlin
CUS3332,0,Mainstream customer
CUS3333,0,Mainstream customer
CUS3334,1,Discount customer
CUS3335,2,Premium Bremen Niche
CUS3336,0,Mainstream customer
CUS3337,0,Mainstream customer
CUS3338,1,Discount customer
CUS3339,0,Mainstream customer
CUS334,0,Mainstream customer
CUS3340,0,Mainstream customer
CUS3341,3,Urban Trendy Berlin
CUS3342,0,Mainstream customer
CUS3343,0,Mainstream customer
CUS3344,0,Mainstream customer
CUS3345,0,Mainstream customer
CUS3346,0,Mainstream customer
CUS3347,1,Discount customer
CUS3348,1,Discount customer
CUS3349,2,Premium Bremen Niche
CUS335,0,Mainstream customer
CUS3350,0,Mainstream customer
CUS3351,0,Mainstream customer
CUS3352,1,Discount customer
CUS3353,0,Mainstream customer
CUS3354,0,Mainstream customer
CUS3355,0,Mainstream customer
CUS3356,0,Mainstream customer
CUS3357,1,Discount customer
CUS3358,1,Discount customer
CUS3359,0,Mainstream customer
CUS336,0,Mainstream customer
CUS3360,0,Mainstream customer
CUS3361,1,Discount customer
CUS3362,0,Mainstream customer
CUS3363,0,Mainstream customer
CUS3364,1,Discount customer
CUS3365,0,Mainstream customer
CUS3366,1,Discount customer
CUS3367,0,Mainstream customer
CUS3368,0,Mainstream customer
CUS3369,0,Mainstream customer
CUS337,1,Discount customer
CUS3370,3,Urban Trendy Berlin
CUS3371,0,Mainstream customer
CUS3372,0,Mainstream customer
CUS3373,0,Mainstream customer
CUS3374,0,Mainstream customer
CUS3375,1,Discount customer
CUS3376,0,Mainstream customer
CUS3377,0,Mainstream customer
CUS3378,0,Mainstream customer
CUS3379,1,Discount customer
CUS338,0,Mainstream customer
CUS3380,0,Mainstream customer
CUS3381,0,Mainstream customer
CUS3382,0,Mainstream customer
CUS3383,0,Mainstream customer
CUS3384,0,Mainstream customer
CUS3385,0,Mainstream customer
CUS3386,0,Mainstream customer
CUS3387,0,Mainstream customer
CUS3388,0,Mainstream customer
CUS3389,1,Discount customer
CUS339,0,Mainstream customer
CUS3390,0,Mainstream customer
CUS3391,0,Mainstream customer
CUS3392,0,Mainstream customer
CUS3393,1,Discount customer
CUS3394,3,Urban Trendy Berlin
CUS3395,0,Mainstream customer
CUS3396,1,Discount customer
CUS3397,1,Discount customer
CUS3398,0,Mainstream customer
CUS3399,0,Mainstream customer
CUS34,1,Discount customer
CUS340,1,Discount customer
CUS3400,0,Mainstream customer
CUS3401,0,Mainstream customer
CUS3402,0,Mainstream customer
CUS3403,0,Mainstream customer
CUS3404,1,Discount customer
CUS3405,0,Mainstream customer
CUS3406,1,Discount customer
CUS3407,0,Mainstream customer
CUS3408,0,Mainstream customer
CUS3409,1,Discount customer
CUS341,0,Mainstream customer
CUS3410,1,Discount customer
CUS3411,2,Premium Bremen Niche
CUS3412,0,Mainstream customer
CUS3413,0,Mainstream customer
CUS3414,1,Discount customer
CUS3415,0,Mainstream customer
CUS3416,0,Mainstream customer
CUS3417,0,Mainstream customer
CUS3418,0,Mainstream customer
CUS3419,0,Mainstream customer
CUS342,0,Mainstream customer
CUS3420,0,Mainstream customer
CUS3421,0,Mainstream customer
CUS3422,3,Urban Trendy Berlin
CUS3423,0,Mainstream customer
CUS3424,0,Mainstream customer
CUS3425,0,Mainstream customer
CUS3426,1,Discount customer
CUS3427,1,Discount customer
CUS3428,3,Urban Trendy Berlin
CUS3429,0,Mainstream customer
CUS343,1,Discount customer
CUS3430,0,Mainstream customer
CUS3431,0,Mainstream customer
CUS3432,0,Mainstream customer
CUS3433,0,Mainstream customer
CUS3434,0,Mainstream customer
CUS3435,0,Mainstream customer
CUS3436,0,Mainstream customer
CUS3437,0,Mainstream customer
CUS3438,0,Mainstream customer
CUS3439,0,Mainstream customer
CUS344,0,Mainstream customer
CUS3440,1,Discount customer
CUS3441,0,Mainstream customer
CUS3442,0,Mainstream customer
CUS3443,0,Mainstream customer
CUS3444,0,Mainstream customer
CUS3445,0,Mainstream customer
CUS3446,1,Discount customer
CUS3447,0,Mainstream customer
CUS3448,1,Discount customer
CUS3449,0,Mainstream customer
CUS345,0,Mainstream customer
CUS3450,0,Mainstream customer
CUS3451,1,Discount customer
CUS3452,1,Discount customer
CUS3453,0,Mainstream customer
CUS3454,1,Discount customer
CUS3455,0,Mainstream customer
CUS3456,0,Mainstream customer
CUS3457,1,Discount customer
CUS3458,0,Mainstream customer
CUS3459,2,Premium Bremen Niche
CUS346,0,Mainstream customer
CUS3460,0,Mainstream customer
CUS3461,0,Mainstream customer
CUS3462,0,Mainstream customer
CUS3463,0,Mainstream customer
CUS3464,1,Discount customer
CUS3465,0,Mainstream customer
CUS3466,0,Mainstream customer
CUS3467,1,Discount customer
CUS3468,0,Mainstream customer
CUS3469,0,Mainstream customer
CUS347,0,Mainstream customer
CUS3470,0,Mainstream customer
CUS3471,1,Discount customer
CUS3472,0,Mainstream customer
CUS3473,0,Mainstream customer
CUS3474,0,Mainstream customer
CUS3475,1,Discount customer
CUS3476,0,Mainstream customer
CUS3477,1,Discount customer
CUS3478,3,Urban Trendy Berlin
CUS3479,0,Mainstream customer
CUS348,1,Discount customer
CUS3480,1,Discount customer
CUS3481,0,Mainstream customer
CUS3482,0,Mainstream customer
CUS3483,0,Mainstream customer
CUS3484,1,Discount customer
CUS3485,0,Mainstream customer
CUS3486,0,Mainstream customer
CUS3487,1,Discount customer
CUS3488,0,Mainstream customer
CUS3489,1,Discount customer
CUS349,0,Mainstream customer
CUS3490,0,Mainstream customer
CUS3491,0,Mainstream customer
CUS3492,0,Mainstream customer
CUS3493,0,Mainstream customer
CUS3494,1,Discount customer
CUS3495,0,Mainstream customer
CUS3496,1,Discount customer
CUS3497,1,Discount customer
CUS3498,0,Mainstream customer
CUS3499,0,Mainstream customer
CUS35,1,Discount customer
CUS350,0,Mainstream customer
CUS3500,1,Discount customer
CUS3501,1,Discount customer
CUS3502,0,Mainstream customer
CUS3503,0,Mainstream customer
CUS3504,0,Mainstream customer
CUS3505,0,Mainstream customer
CUS3506,0,Mainstream customer
CUS3507,0,Mainstream customer
CUS3508,0,Mainstream customer
CUS3509,0,Mainstream customer
CUS351,0,Mainstream customer
CUS3510,0,Mainstream customer
CUS3511,1,Discount customer
CUS3512,1,Discount customer
CUS3513,0,Mainstream customer
CUS3514,0,Mainstream customer
CUS3515,0,Mainstream customer
CUS3516,1,Discount customer
CUS3517,1,Discount customer
CUS3518,0,Mainstream customer
CUS3519,1,Discount customer
CUS352,0,Mainstream customer
CUS3520,1,Discount customer
CUS3521,0,Mainstream customer
CUS3522,0,Mainstream customer
CUS3523,0,Mainstream customer
CUS3524,0,Mainstream customer
CUS3525,0,Mainstream customer
CUS3526,0,Mainstream customer
CUS3527,0,Mainstream customer
CUS3528,0,Mainstream customer
CUS3529,0,Mainstream customer
CUS353,0,Mainstream customer
CUS3530,1,Discount customer
CUS3531,3,Urban Trendy Berlin
CUS3532,0,Mainstream customer
CUS3533,0,Mainstream customer
CUS3534,1,Discount customer
CUS3535,0,Mainstream customer
CUS3536,0,Mainstream customer
CUS3537,0,Mainstream customer
CUS3538,0,Mainstream customer
CUS3539,0,Mainstream customer
CUS354,0,Mainstream customer
CUS3540,1,Discount customer
CUS3541,1,Discount customer
CUS3542,1,Discount customer
CUS3543,0,Mainstream customer
CUS3544,1,Discount customer
CUS3545,1,Discount customer
CUS3546,1,Discount customer
CUS3547,0,Mainstream customer
CUS3548,0,Mainstream customer
CUS3549,0,Mainstream customer
CUS355,0,Mainstream customer
CUS3550,1,Discount customer
CUS3551,0,Mainstream customer
CUS3552,0,Mainstream customer
CUS3553,1,Discount customer
CUS3554,0,Mainstream customer
CUS3555,1,Discount customer
CUS3556,0,Mainstream customer
CUS3557,0,Mainstream customer
CUS3558,1,Discount customer
CUS3559,1,Discount customer
CUS356,0,Mainstream customer
CUS3560,1,Discount customer
CUS3561,1,Discount customer
CUS3562,1,Discount customer
CUS3563,1,Discount customer
CUS3564,1,Discount customer
CUS3565,1,Discount customer
CUS3566,0,Mainstream customer
CUS3567,2,Premium Bremen Niche
CUS3568,3,Urban Trendy Berlin
CUS3569,1,Discount customer
CUS357,0,Mainstream customer
CUS3570,0,Mainstream customer
CUS3571,0,Mainstream customer
CUS3572,0,Mainstream customer
CUS3573,1,Discount customer
CUS3574,1,Discount customer
CUS3575,0,Mainstream customer
CUS3576,0,Mainstream customer
CUS3577,0,Mainstream customer
CUS3578,0,Mainstream customer
CUS3579,0,Mainstream customer
CUS358,2,Premium Bremen Niche
CUS3580,1,Discount customer
CUS3581,1,Discount customer
CUS3582,0,Mainstream customer
CUS3583,1,Discount customer
CUS3584,1,Discount customer
CUS3585,0,Mainstream customer
CUS3586,0,Mainstream customer
CUS3587,3,Urban Trendy Berlin
CUS3588,0,Mainstream customer
CUS3589,0,Mainstream customer
CUS359,0,Mainstream customer
CUS3590,0,Mainstream customer
CUS3591,0,Mainstream customer
CUS3592,0,Mainstream customer
CUS3593,0,Mainstream customer
CUS3594,0,Mainstream customer
CUS3595,0,Mainstream customer
CUS3596,1,Discount customer
CUS3597,0,Mainstream customer
CUS3598,1,Discount customer
CUS3599,0,Mainstream customer
CUS36,0,Mainstream customer
CUS360,3,Urban Trendy Berlin
CUS3600,1,Discount customer
CUS3601,0,Mainstream customer
CUS3602,1,Discount customer
CUS3603,0,Mainstream customer
CUS3604,1,Discount customer
CUS3605,0,Mainstream customer
CUS3606,1,Discount customer
CUS3607,0,Mainstream customer
CUS3608,0,Mainstream customer
CUS3609,0,Mainstream customer
CUS361,1,Discount customer
CUS3610,0,Mainstream customer
CUS3611,1,Discount customer
CUS3612,0,Mainstream customer
CUS3613,2,Premium Bremen Niche
CUS3614,0,Mainstream customer
CUS3615,0,Mainstream customer
CUS3616,0,Mainstream customer
CUS3617,0,Mainstream customer
CUS3618,1,Discount customer
CUS3619,1,Discount customer
CUS362,3,Urban Trendy Berlin
CUS3620,1,Discount customer
CUS3621,0,Mainstream customer
CUS3622,0,Mainstream customer
CUS3623,0,Mainstream customer
CUS3624,0,Mainstream customer
CUS3625,0,Mainstream customer
CUS3626,1,Discount customer
CUS3627,0,Mainstream customer
CUS3628,0,Mainstream customer
CUS3629,0,Mainstream customer
CUS363,1,Discount customer
CUS3630,1,Discount customer
CUS3631,0,Mainstream customer
CUS3632,0,Mainstream customer
CUS3633,1,Discount customer
CUS3634,1,Discount customer
CUS3635,0,Mainstream customer
CUS3636,0,Mainstream customer
CUS3637,0,Mainstream customer
CUS3638,0,Mainstream customer
CUS3639,0,Mainstream customer
CUS364,0,Mainstream customer
CUS3640,0,Mainstream customer
CUS3641,3,Urban Trendy Berlin
CUS3642,0,Mainstream customer
CUS3643,3,Urban Trendy Berlin
CUS3644,0,Mainstream customer
CUS3645,0,Mainstream customer
CUS3646,1,Discount customer
CUS3647,1,Discount customer
CUS3648,0,Mainstream customer
CUS3649,1,Discount customer
CUS365,0,Mainstream customer
CUS3650,0,Mainstream customer
CUS3651,1,Discount customer
CUS3652,1,Discount customer
CUS3653,1,Discount customer
CUS3654,0,Mainstream customer
CUS3655,0,Mainstream customer
CUS3656,0,Mainstream customer
CUS3657,0,Mainstream customer
CUS3658,0,Mainstream customer
CUS3659,2,Premium Bremen Niche
CUS366,1,Discount customer
CUS3660,1,Discount customer
CUS3661,2,Premium Bremen Niche
CUS3662,0,Mainstream customer
CUS3663,0,Mainstream customer
CUS3664,1,Discount customer
CUS3665,0,Mainstream customer
CUS3666,0,Mainstream customer
CUS3667,1,Discount customer
CUS3668,1,Discount customer
CUS3669,2,Premium Bremen Niche
CUS367,1,Discount customer
CUS3670,0,Mainstream customer
CUS3671,0,Mainstream customer
CUS3672,0,Mainstream customer
CUS3673,0,Mainstream customer
CUS3674,1,Discount customer
CUS3675,1,Discount customer
CUS3676,0,Mainstream customer
CUS3677,0,Mainstream customer
CUS3678,0,Mainstream customer
CUS3679,1,Discount customer
CUS368,1,Discount customer
CUS3680,0,Mainstream customer
CUS3681,0,Mainstream customer
CUS3682,1,Discount customer
CUS3683,0,Mainstream customer
CUS3684,0,Mainstream customer
CUS3685,0,Mainstream customer
CUS3686,1,Discount customer
CUS3687,0,Mainstream customer
CUS3688,1,Discount customer
CUS3689,1,Discount customer
CUS369,1,Discount customer
CUS3690,1,Discount customer
CUS3691,0,Mainstream customer
CUS3692,0,Mainstream customer
CUS3693,0,Mainstream customer
CUS3694,1,Discount customer
CUS3695,0,Mainstream customer
CUS3696,1,Discount customer
CUS3697,0,Mainstream customer
CUS3698,0,Mainstream customer
CUS3699,0,Mainstream customer
CUS37,0,Mainstream customer
CUS370,1,Discount customer
CUS3700,0,Mainstream customer
CUS3701,0,Mainstream customer
CUS3702,0,Mainstream customer
CUS3703,0,Mainstream customer
CUS3704,0,Mainstream customer
CUS3705,0,Mainstream customer
CUS3706,0,Mainstream customer
CUS3707,0,Mainstream customer
CUS3708,0,Mainstream customer
CUS3709,0,Mainstream customer
CUS371,0,Mainstream customer
CUS3710,0,Mainstream customer
CUS3711,0,Mainstream customer
CUS3712,1,Discount customer
CUS3713,0,Mainstream customer
CUS3714,0,Mainstream customer
CUS3715,1,Discount customer
CUS3716,1,Discount customer
CUS3717,0,Mainstream customer
CUS3718,1,Discount customer
CUS3719,0,Mainstream customer
CUS372,2,Premium Bremen Niche
CUS3720,1,Discount customer
CUS3721,1,Discount customer
CUS3722,1,Discount customer
CUS3723,0,Mainstream customer
CUS3724,0,Mainstream customer
CUS3725,0,Mainstream customer
CUS3726,1,Discount customer
CUS3727,1,Discount customer
CUS3728,0,Mainstream customer
CUS3729,0,Mainstream customer
CUS373,0,Mainstream customer
CUS3730,0,Mainstream customer
CUS3731,0,Mainstream customer
CUS3732,0,Mainstream customer
CUS3733,0,Mainstream customer
CUS3734,1,Discount customer
CUS3735,0,Mainstream customer
CUS3736,0,Mainstream customer
CUS3737,0,Mainstream customer
CUS3738,1,Discount customer
CUS3739,2,Premium Bremen Niche
CUS374,1,Discount customer
CUS3740,0,Mainstream customer
CUS3741,0,Mainstream customer
CUS3742,0,Mainstream customer
CUS3743,0,Mainstream customer
CUS3744,0,Mainstream customer
CUS3745,1,Discount customer
CUS3746,0,Mainstream customer
CUS3747,1,Discount customer
CUS3748,0,Mainstream customer
CUS3749,0,Mainstream customer
CUS375,0,Mainstream customer
CUS3750,0,Mainstream customer
CUS3751,1,Discount customer
CUS3752,0,Mainstream customer
CUS3753,0,Mainstream customer
CUS3754,0,Mainstream customer
CUS3755,1,Discount customer
CUS3756,0,Mainstream customer
CUS3757,0,Mainstream customer
CUS3758,0,Mainstream customer
CUS3759,0,Mainstream customer
CUS376,0,Mainstream customer
CUS3760,1,Discount customer
CUS3761,0,Mainstream customer
CUS3762,0,Mainstream customer
CUS3763,0,Mainstream customer
CUS3764,1,Discount customer
CUS3765,1,Discount customer
CUS3766,1,Discount customer
CUS3767,1,Discount customer
CUS3768,0,Mainstream customer
CUS3769,0,Mainstream customer
CUS377,1,Discount customer
CUS3770,0,Mainstream customer
CUS3771,0,Mainstream customer
CUS3772,0,Mainstream customer
CUS3773,0,Mainstream customer
CUS3774,1,Discount customer
CUS3775,1,Discount customer
CUS3776,1,Discount customer
CUS3777,0,Mainstream customer
CUS3778,2,Premium Bremen Niche
CUS3779,0,Mainstream customer
CUS378,1,Discount customer
CUS3780,0,Mainstream customer
CUS3781,0,Mainstream customer
CUS3782,0,Mainstream customer
CUS3783,0,Mainstream customer
CUS3784,0,Mainstream customer
CUS3785,0,Mainstream customer
CUS3786,1,Discount customer
CUS3787,0,Mainstream customer
CUS3788,0,Mainstream customer
CUS3789,0,Mainstream customer
CUS379,0,Mainstream customer
CUS3790,1,Discount customer
CUS3791,1,Discount customer
CUS3792,0,Mainstream customer
CUS3793,0,Mainstream customer
CUS3794,1,Discount customer
CUS3795,1,Discount customer
CUS3796,1,Discount customer
CUS3797,0,Mainstream customer
CUS3798,0,Mainstream customer
CUS3799,0,Mainstream customer
CUS38,0,Mainstream customer
CUS380,1,Discount customer
CUS3800,0,Mainstream customer
CUS3801,0,Mainstream customer
CUS3802,0,Mainstream customer
CUS3803,0,Mainstream customer
CUS3804,0,Mainstream customer
CUS3805,1,Discount customer
CUS3806,0,Mainstream customer
CUS3807,0,Mainstream customer
CUS3808,0,Mainstream customer
CUS3809,1,Discount customer
CUS381,0,Mainstream customer
CUS3810,0,Mainstream customer
CUS3811,0,Mainstream customer
CUS3812,1,Discount customer
CUS3813,1,Discount customer
CUS3814,1,Discount customer
CUS3815,0,Mainstream customer
CUS3816,0,Mainstream customer
CUS3817,0,Mainstream customer
CUS3818,1,Discount customer
CUS3819,0,Mainstream customer
CUS382,0,Mainstream customer
CUS3820,1,Discount customer
CUS3821,0,Mainstream customer
CUS3822,0,Mainstream customer
CUS3823,0,Mainstream customer
CUS3824,1,Discount customer
CUS3825,0,Mainstream customer
CUS3826,0,Mainstream customer
CUS3827,0,Mainstream customer
CUS3828,1,Discount customer
CUS3829,0,Mainstream customer
CUS383,0,Mainstream customer
CUS3830,0,Mainstream customer
CUS3831,0,Mainstream customer
CUS3832,0,Mainstream customer
CUS3833,0,Mainstream customer
CUS3834,0,Mainstream customer
CUS3835,0,Mainstream customer
CUS3836,1,Discount customer
CUS3837,0,Mainstream customer
CUS3838,0,Mainstream customer
CUS3839,0,Mainstream customer
CUS384,1,Discount customer
CUS3840,1,Discount customer
CUS3841,0,Mainstream customer
CUS3842,0,Mainstream customer
CUS3843,0,Mainstream customer
CUS3844,1,Discount customer
CUS3845,0,Mainstream customer
CUS3846,0,Mainstream customer
CUS3847,1,Discount customer
CUS3848,0,Mainstream customer
CUS3849,1,Discount customer
CUS385,1,Discount customer
CUS3850,0,Mainstream customer
CUS3851,0,Mainstream customer
CUS3852,0,Mainstream customer
CUS3853,1,Discount customer
CUS3854,1,Discount customer
CUS3855,1,Discount customer
CUS3856,0,Mainstream customer
CUS3857,0,Mainstream customer
CUS3858,0,Mainstream customer
CUS3859,0,Mainstream customer
CUS386,0,Mainstream customer
CUS3860,0,Mainstream customer
CUS3861,0,Mainstream customer
CUS3862,0,Mainstream customer
CUS3863,0,Mainstream customer
CUS3864,1,Discount customer
CUS3865,1,Discount customer
CUS3866,1,Discount customer
CUS3867,2,Premium Bremen Niche
CUS3868,0,Mainstream customer
CUS3869,0,Mainstream customer
CUS387,0,Mainstream customer
CUS3870,0,Mainstream customer
CUS3871,1,Discount customer
CUS3872,0,Mainstream customer
CUS3873,2,Premium Bremen Niche
CUS3874,1,Discount customer
CUS3875,0,Mainstream customer
CUS3876,1,Discount customer
CUS3877,0,Mainstream customer
CUS3878,1,Discount customer
CUS3879,1,Discount customer
CUS388,1,Discount customer
CUS3880,1,Discount customer
CUS3881,0,Mainstream customer
CUS3882,1,Discount customer
CUS3883,0,Mainstream customer
CUS3884,0,Mainstream customer
CUS3885,0,Mainstream customer
CUS3886,1,Discount customer
CUS3887,1,Discount customer
CUS3888,0,Mainstream customer
CUS3889,0,Mainstream customer
CUS389,1,Discount customer
CUS3890,1,Discount customer
CUS3891,1,Discount customer
CUS3892,0,Mainstream customer
CUS3893,1,Discount customer
CUS3894,0,Mainstream customer
CUS3895,1,Discount customer
CUS3896,0,Mainstream customer
CUS3897,0,Mainstream customer
CUS3898,3,Urban Trendy Berlin
CUS3899,0,Mainstream customer
CUS39,0,Mainstream customer
CUS390,0,Mainstream customer
CUS3900,1,Discount customer
CUS3901,0,Mainstream customer
CUS3902,0,Mainstream customer
CUS3903,0,Mainstream customer
CUS3904,1,Discount customer
CUS3905,0,Mainstream customer
CUS3906,0,Mainstream customer
CUS3907,0,Mainstream customer
CUS3908,0,Mainstream customer
CUS3909,0,Mainstream customer
CUS391,0,Mainstream customer
CUS3910,0,Mainstream customer
CUS3911,0,Mainstream customer
CUS3912,1,Discount customer
CUS3913,0,Mainstream customer
CUS3914,0,Mainstream customer
CUS3915,2,Premium Bremen Niche
CUS3916,0,Mainstream customer
CUS3917,1,Discount customer
CUS3918,1,Discount customer
CUS3919,0,Mainstream customer
CUS392,0,Mainstream customer
CUS3920,1,Discount customer
CUS3921,0,Mainstream customer
CUS3922,1,Discount customer
CUS3923,0,Mainstream customer
CUS3924,0,Mainstream customer
CUS3925,0,Mainstream customer
CUS3926,0,Mainstream customer
CUS3927,0,Mainstream customer
CUS3928,0,Mainstream customer
CUS3929,1,Discount customer
CUS393,1,Discount customer
CUS3930,3,Urban Trendy Berlin
CUS3931,2,Premium Bremen Niche
CUS3932,0,Mainstream customer
CUS3933,0,Mainstream customer
CUS3934,0,Mainstream customer
CUS3935,0,Mainstream customer
CUS3936,0,Mainstream customer
CUS3937,0,Mainstream customer
CUS3938,1,Discount customer
CUS3939,0,Mainstream customer
CUS394,0,Mainstream customer
CUS3940,0,Mainstream customer
CUS3941,1,Discount customer
CUS3942,0,Mainstream customer
CUS3943,0,Mainstream customer
CUS3944,0,Mainstream customer
CUS3945,0,Mainstream customer
CUS3946,0,Mainstream customer
CUS3947,0,Mainstream customer
CUS3948,0,Mainstream customer
CUS3949,0,Mainstream customer
CUS395,0,Mainstream customer
CUS3950,0,Mainstream customer
CUS3951,0,Mainstream customer
CUS3952,0,Mainstream customer
CUS3953,0,Mainstream customer
CUS3954,1,Discount customer
CUS3955,0,Mainstream customer
CUS3956,0,Mainstream customer
CUS3957,2,Premium Bremen Niche
CUS3958,0,Mainstream customer
CUS3959,3,Urban Trendy Berlin
CUS396,0,Mainstream customer
CUS3960,1,Discount customer
CUS3961,2,Premium Bremen Niche
CUS3962,1,Discount customer
CUS3963,0,Mainstream customer
CUS3964,0,Mainstream customer
CUS3965,0,Mainstream customer
CUS3966,0,Mainstream customer
CUS3967,1,Discount customer
CUS3968,0,Mainstream customer
CUS3969,0,Mainstream customer
CUS397,0,Mainstream customer
CUS3970,0,Mainstream customer
CUS3971,0,Mainstream customer
CUS3972,0,Mainstream customer
CUS3973,0,Mainstream customer
CUS3974,0,Mainstream customer
CUS3975,3,Urban Trendy Berlin
CUS3976,1,Discount customer
CUS3977,1,Discount customer
CUS3978,0,Mainstream customer
CUS3979,0,Mainstream customer
CUS398,0,Mainstream customer
CUS3980,0,Mainstream customer
CUS3981,0,Mainstream customer
CUS3982,0,Mainstream customer
CUS3983,0,Mainstream customer
CUS3984,0,Mainstream customer
CUS3985,0,Mainstream customer
CUS3986,0,Mainstream customer
CUS3987,0,Mainstream customer
CUS3988,0,Mainstream customer
CUS3989,1,Discount customer
CUS399,1,Discount customer
CUS3990,0,Mainstream customer
CUS3991,0,Mainstream customer
CUS3992,0,Mainstream customer
CUS3993,1,Discount customer
CUS3994,0,Mainstream customer
CUS3995,0,Mainstream customer
CUS3996,0,Mainstream customer
CUS3997,0,Mainstream customer
CUS3998,0,Mainstream customer
CUS3999,0,Mainstream customer
CUS4,1,Discount customer
CUS40,0,Mainstream customer
CUS400,1,Discount customer
CUS4000,0,Mainstream customer
CUS4001,1,Discount customer
CUS4002,0,Mainstream customer
CUS4003,1,Discount customer
CUS4004,0,Mainstream customer
CUS4005,0,Mainstream customer
CUS4006,1,Discount customer
CUS4007,0,Mainstream customer
CUS4008,0,Mainstream customer
CUS4009,0,Mainstream customer
CUS401,3,Urban Trendy Berlin
CUS4010,0,Mainstream customer
CUS4011,0,Mainstream customer
CUS4012,0,Mainstream customer
CUS4013,1,Discount customer
CUS4014,1,Discount customer
CUS4015,0,Mainstream customer
CUS4016,0,Mainstream customer
CUS4017,0,Mainstream customer
CUS4018,0,Mainstream customer
CUS4019,0,Mainstream customer
CUS402,1,Discount customer
CUS4020,0,Mainstream customer
CUS4021,0,Mainstream customer
CUS4022,0,Mainstream customer
CUS4023,0,Mainstream customer
CUS4024,0,Mainstream customer
CUS4025,1,Discount customer
CUS4026,0,Mainstream customer
CUS4027,0,Mainstream customer
CUS4028,1,Discount customer
CUS4029,1,Discount customer
CUS403,1,Discount customer
CUS4030,0,Mainstream customer
CUS4031,0,Mainstream customer
CUS4032,0,Mainstream customer
CUS4033,0,Mainstream customer
CUS4034,0,Mainstream customer
CUS4035,0,Mainstream customer
CUS4036,1,Discount customer
CUS4037,0,Mainstream customer
CUS4038,1,Discount customer
CUS4039,0,Mainstream customer
CUS404,1,Discount customer
CUS4040,1,Discount customer
CUS4041,0,Mainstream customer
CUS4042,0,Mainstream customer
CUS4043,0,Mainstream customer
CUS4044,0,Mainstream customer
CUS4045,0,Mainstream customer
CUS4046,3,Urban Trendy Berlin
CUS4047,1,Discount customer
CUS4048,0,Mainstream customer
CUS4049,1,Discount customer
CUS405,0,Mainstream customer
CUS4050,0,Mainstream customer
CUS4051,1,Discount customer
CUS4052,0,Mainstream customer
CUS4053,1,Discount customer
CUS4054,0,Mainstream customer
CUS4055,3,Urban Trendy Berlin
CUS4056,0,Mainstream customer
CUS4057,1,Discount customer
CUS4058,0,Mainstream customer
CUS4059,2,Premium Bremen Niche
CUS406,1,Discount customer
CUS4060,1,Discount customer
CUS4061,1,Discount customer
CUS4062,1,Discount customer
CUS4063,0,Mainstream customer
CUS4064,1,Discount customer
CUS4065,0,Mainstream customer
CUS4066,1,Discount customer
CUS4067,0,Mainstream customer
CUS4068,0,Mainstream customer
CUS4069,0,Mainstream customer
CUS407,0,Mainstream customer
CUS4070,1,Discount customer
CUS4071,0,Mainstream customer
CUS4072,1,Discount customer
CUS4073,1,Discount customer
CUS4074,0,Mainstream customer
CUS4075,0,Mainstream customer
CUS4076,0,Mainstream customer
CUS4077,0,Mainstream customer
CUS4078,0,Mainstream customer
CUS4079,0,Mainstream customer
CUS408,0,Mainstream customer
CUS4080,1,Discount customer
CUS4081,0,Mainstream customer
CUS4082,1,Discount customer
CUS4083,1,Discount customer
CUS4084,1,Discount customer
CUS4085,0,Mainstream customer
CUS4086,1,Discount customer
CUS4087,0,Mainstream customer
CUS4088,1,Discount customer
CUS4089,0,Mainstream customer
CUS409,1,Discount customer
CUS4090,0,Mainstream customer
CUS4091,0,Mainstream customer
CUS4092,0,Mainstream customer
CUS4093,1,Discount customer
CUS4094,0,Mainstream customer
CUS4095,0,Mainstream customer
CUS4096,1,Discount customer
CUS4097,0,Mainstream customer
CUS4098,1,Discount customer
CUS4099,0,Mainstream customer
CUS41,1,Discount customer
CUS410,0,Mainstream customer
CUS4100,0,Mainstream customer
CUS4101,0,Mainstream customer
CUS4102,1,Discount customer
CUS4103,0,Mainstream customer
CUS4104,0,Mainstream customer
CUS4105,0,Mainstream customer
CUS4106,0,Mainstream customer
CUS4107,0,Mainstream customer
CUS4108,1,Discount customer
CUS4109,1,Discount customer
CUS411,0,Mainstream customer
CUS4110,0,Mainstream customer
CUS4111,0,Mainstream customer
CUS4112,0,Mainstream customer
CUS4113,0,Mainstream customer
CUS4114,0,Mainstream customer
CUS4115,0,Mainstream customer
CUS4116,0,Mainstream customer
CUS4117,1,Discount customer
CUS4118,1,Discount customer
CUS4119,0,Mainstream customer
CUS412,0,Mainstream customer
CUS4120,1,Discount customer
CUS4121,0,Mainstream customer
CUS4122,0,Mainstream customer
CUS4123,0,Mainstream customer
CUS4124,3,Urban Trendy Berlin
CUS4125,0,Mainstream customer
CUS4126,0,Mainstream customer
CUS4127,1,Discount customer
CUS4128,1,Discount customer
CUS4129,0,Mainstream customer
CUS413,1,Discount customer
CUS4130,0,Mainstream customer
CUS4131,0,Mainstream customer
CUS4132,0,Mainstream customer
CUS4133,0,Mainstream customer
CUS4134,0,Mainstream customer
CUS4135,1,Discount customer
CUS4136,0,Mainstream customer
CUS4137,0,Mainstream customer
CUS4138,2,Premium Bremen Niche
CUS4139,0,Mainstream customer
CUS414,1,Discount customer
CUS4140,0,Mainstream customer
CUS4141,2,Premium Bremen Niche
CUS4142,1,Discount customer
CUS4143,0,Mainstream customer
CUS4144,0,Mainstream customer
CUS4145,1,Discount customer
CUS4146,0,Mainstream customer
CUS4147,0,Mainstream customer
CUS4148,0,Mainstream customer
CUS4149,0,Mainstream customer
CUS415,0,Mainstream customer
CUS4150,0,Mainstream customer
CUS4151,0,Mainstream customer
CUS4152,3,Urban Trendy Berlin
CUS4153,0,Mainstream customer
CUS4154,1,Discount customer
CUS4155,1,Discount customer
CUS4156,0,Mainstream customer
CUS4157,1,Discount customer
CUS4158,1,Discount customer
CUS4159,0,Mainstream customer
CUS416,0,Mainstream customer
CUS4160,0,Mainstream customer
CUS4161,1,Discount customer
CUS4162,0,Mainstream customer
CUS4163,0,Mainstream customer
CUS4164,1,Discount customer
CUS4165,0,Mainstream customer
CUS4166,1,Discount customer
CUS4167,0,Mainstream customer
CUS4168,0,Mainstream customer
CUS4169,0,Mainstream customer
CUS417,0,Mainstream customer
CUS4170,0,Mainstream customer
CUS4171,1,Discount customer
CUS4172,1,Discount customer
CUS4173,0,Mainstream customer
CUS4174,0,Mainstream customer
CUS4175,1,Discount customer
CUS4176,0,Mainstream customer
CUS4177,0,Mainstream customer
CUS4178,1,Discount customer
CUS4179,1,Discount customer
CUS418,0,Mainstream customer
CUS4180,0,Mainstream customer
CUS4181,0,Mainstream customer
CUS4182,1,Discount customer
CUS4183,1,Discount customer
CUS4184,0,Mainstream customer
CUS4185,1,Discount customer
CUS4186,0,Mainstream customer
CUS4187,1,Discount customer
CUS4188,0,Mainstream customer
CUS4189,0,Mainstream customer
CUS419,0,Mainstream customer
CUS4190,0,Mainstream customer
CUS4191,0,Mainstream customer
CUS4192,1,Discount customer
CUS4193,0,Mainstream customer
CUS4194,0,Mainstream customer
CUS4195,1,Discount customer
CUS4196,0,Mainstream customer
CUS4197,0,Mainstream customer
CUS4198,0,Mainstream customer
CUS4199,0,Mainstream customer
CUS42,0,Mainstream customer
CUS420,0,Mainstream customer
CUS4200,0,Mainstream customer
CUS4201,0,Mainstream customer
CUS4202,1,Discount customer
CUS4203,1,Discount customer
CUS4204,3,Urban Trendy Berlin
CUS4205,1,Discount customer
CUS4206,0,Mainstream customer
CUS4207,1,Discount customer
CUS4208,1,Discount customer
CUS4209,0,Mainstream customer
CUS421,0,Mainstream customer
CUS4210,0,Mainstream customer
CUS4211,0,Mainstream customer
CUS4212,0,Mainstream customer
CUS4213,0,Mainstream customer
CUS4214,0,Mainstream customer
CUS4215,2,Premium Bremen Niche
CUS4216,1,Discount customer
CUS4217,1,Discount customer
CUS4218,0,Mainstream customer
CUS4219,1,Discount customer
CUS422,0,Mainstream customer
CUS4220,0,Mainstream customer
CUS4221,1,Discount customer
CUS4222,0,Mainstream customer
CUS4223,0,Mainstream customer
CUS4224,1,Discount customer
CUS4225,1,Discount customer
CUS4226,0,Mainstream customer
CUS4227,1,Discount customer
CUS4228,1,Discount customer
CUS4229,0,Mainstream customer
CUS423,0,Mainstream customer
CUS4230,0,Mainstream customer
CUS4231,1,Discount customer
CUS4232,1,Discount customer
CUS4233,0,Mainstream customer
CUS4234,1,Discount customer
CUS4235,0,Mainstream customer
CUS4236,1,Discount customer
CUS4237,0,Mainstream customer
CUS4238,0,Mainstream customer
CUS4239,1,Discount customer
CUS424,0,Mainstream customer
CUS4240,0,Mainstream customer
CUS4241,0,Mainstream customer
CUS4242,1,Discount customer
CUS4243,0,Mainstream customer
CUS4244,1,Discount customer
CUS4245,0,Mainstream customer
CUS4246,1,Discount customer
CUS4247,0,Mainstream customer
CUS4248,0,Mainstream customer
CUS4249,0,Mainstream customer
CUS425,0,Mainstream customer
CUS4250,0,Mainstream customer
CUS4251,0,Mainstream customer
CUS4252,0,Mainstream customer
CUS4253,1,Discount customer
CUS4254,3,Urban Trendy Berlin
CUS4255,0,Mainstream customer
CUS4256,0,Mainstream customer
CUS4257,0,Mainstream customer
CUS4258,1,Discount customer
CUS4259,0,Mainstream customer
CUS426,0,Mainstream customer
CUS4260,1,Discount customer
CUS4261,1,Discount customer
CUS4262,0,Mainstream customer
CUS4263,0,Mainstream customer
CUS4264,0,Mainstream customer
CUS4265,0,Mainstream customer
CUS4266,0,Mainstream customer
CUS4267,1,Discount customer
CUS4268,1,Discount customer
CUS4269,0,Mainstream customer
CUS427,0,Mainstream customer
CUS4270,1,Discount customer
CUS4271,1,Discount customer
CUS4272,0,Mainstream customer
CUS4273,1,Discount customer
CUS4274,1,Discount customer
CUS4275,0,Mainstream customer
CUS4276,0,Mainstream customer
CUS4277,0,Mainstream customer
CUS4278,0,Mainstream customer
CUS4279,0,Mainstream customer
CUS428,0,Mainstream customer
CUS4280,0,Mainstream customer
CUS4281,1,Discount customer
CUS4282,0,Mainstream customer
CUS4283,1,Discount customer
CUS4284,0,Mainstream customer
CUS4285,1,Discount customer
CUS4286,0,Mainstream customer
CUS4287,1,Discount customer
CUS4288,0,Mainstream customer
CUS4289,1,Discount customer
CUS429,0,Mainstream customer
CUS4290,0,Mainstream customer
CUS4291,0,Mainstream customer
CUS4292,0,Mainstream customer
CUS4293,1,Discount customer
CUS4294,0,Mainstream customer
CUS4295,0,Mainstream customer
CUS4296,0,Mainstream customer
CUS4297,1,Discount customer
CUS4298,1,Discount customer
CUS4299,1,Discount customer
CUS43,0,Mainstream customer
CUS430,0,Mainstream customer
CUS4300,1,Discount customer
CUS4301,0,Mainstream customer
CUS4302,0,Mainstream customer
CUS4303,0,Mainstream customer
CUS4304,0,Mainstream customer
CUS4305,0,Mainstream customer
CUS4306,0,Mainstream customer
CUS4307,1,Discount customer
CUS4308,2,Premium Bremen Niche
CUS4309,0,Mainstream customer
CUS431,1,Discount customer
CUS4310,0,Mainstream customer
CUS4311,0,Mainstream customer
CUS4312,1,Discount customer
CUS4313,0,Mainstream customer
CUS4314,0,Mainstream customer
CUS4315,0,Mainstream customer
CUS4316,1,Discount customer
CUS4317,0,Mainstream customer
CUS4318,0,Mainstream customer
CUS4319,1,Discount customer
CUS432,0,Mainstream customer
CUS4320,0,Mainstream customer
CUS4321,0,Mainstream customer
CUS4322,1,Discount customer
CUS4323,0,Mainstream customer
CUS4324,0,Mainstream customer
CUS4325,1,Discount customer
CUS4326,0,Mainstream customer
CUS4327,0,Mainstream customer
CUS4328,1,Discount customer
CUS4329,1,Discount customer
CUS433,1,Discount customer
CUS4330,1,Discount customer
CUS4331,1,Discount customer
CUS4332,0,Mainstream customer
CUS4333,0,Mainstream customer
CUS4334,0,Mainstream customer
CUS4335,0,Mainstream customer
CUS4336,0,Mainstream customer
CUS4337,1,Discount customer
CUS4338,0,Mainstream customer
CUS4339,0,Mainstream customer
CUS434,1,Discount customer
CUS4340,0,Mainstream customer
CUS4341,1,Discount customer
CUS4342,0,Mainstream customer
CUS4343,0,Mainstream customer
CUS4344,1,Discount customer
CUS4345,0,Mainstream customer
CUS4346,0,Mainstream customer
CUS4347,0,Mainstream customer
CUS4348,1,Discount customer
CUS4349,0,Mainstream customer
CUS435,1,Discount customer
CUS4350,0,Mainstream customer
CUS4351,1,Discount customer
CUS4352,1,Discount customer
CUS4353,0,Mainstream customer
CUS4354,2,Premium Bremen Niche
CUS4355,0,Mainstream customer
CUS4356,0,Mainstream customer
CUS4357,0,Mainstream customer
CUS4358,1,Discount customer
CUS4359,0,Mainstream customer
CUS436,0,Mainstream customer
CUS4360,1,Discount customer
CUS4361,1,Discount customer
CUS4362,0,Mainstream customer
CUS4363,0,Mainstream customer
CUS4364,0,Mainstream customer
CUS4365,0,Mainstream customer
CUS4366,0,Mainstream customer
CUS4367,0,Mainstream customer
CUS4368,1,Discount customer
CUS4369,0,Mainstream customer
CUS437,0,Mainstream customer
CUS4370,0,Mainstream customer
CUS4371,0,Mainstream customer
CUS4372,0,Mainstream customer
CUS4373,1,Discount customer
CUS4374,0,Mainstream customer
CUS4375,0,Mainstream customer
CUS4376,1,Discount customer
CUS4377,1,Discount customer
CUS4378,1,Discount customer
CUS4379,0,Mainstream customer
CUS438,0,Mainstream customer
CUS4380,3,Urban Trendy Berlin
CUS4381,0,Mainstream customer
CUS4382,0,Mainstream customer
CUS4383,0,Mainstream customer
CUS4384,0,Mainstream customer
CUS4385,0,Mainstream customer
CUS4386,0,Mainstream customer
CUS4387,1,Discount customer
CUS4388,0,Mainstream customer
CUS4389,1,Discount customer
CUS439,0,Mainstream customer
CUS4390,0,Mainstream customer
CUS4391,1,Discount customer
CUS4392,0,Mainstream customer
CUS4393,0,Mainstream customer
CUS4394,1,Discount customer
CUS4395,0,Mainstream customer
CUS4396,0,Mainstream customer
CUS4397,0,Mainstream customer
CUS4398,0,Mainstream customer
CUS4399,0,Mainstream customer
CUS44,1,Discount customer
CUS440,1,Discount customer
CUS4400,0,Mainstream customer
CUS4401,0,Mainstream customer
CUS4402,0,Mainstream customer
CUS4403,1,Discount customer
CUS4404,1,Discount customer
CUS4405,1,Discount customer
CUS4406,0,Mainstream customer
CUS4407,1,Discount customer
CUS4408,0,Mainstream customer
CUS4409,0,Mainstream customer
CUS441,0,Mainstream customer
CUS4410,0,Mainstream customer
CUS4411,0,Mainstream customer
CUS4412,0,Mainstream customer
CUS4413,1,Discount customer
CUS4414,0,Mainstream customer
CUS4415,1,Discount customer
CUS4416,0,Mainstream customer
CUS4417,0,Mainstream customer
CUS4418,0,Mainstream customer
CUS4419,0,Mainstream customer
CUS442,0,Mainstream customer
CUS4420,0,Mainstream customer
CUS4421,0,Mainstream customer
CUS4422,0,Mainstream customer
CUS4423,0,Mainstream customer
CUS4424,1,Discount customer
CUS4425,1,Discount customer
CUS4426,1,Discount customer
CUS4427,0,Mainstream customer
CUS4428,1,Discount customer
CUS4429,0,Mainstream customer
CUS443,0,Mainstream customer
CUS4430,1,Discount customer
CUS4431,1,Discount customer
CUS4432,0,Mainstream customer
CUS4433,3,Urban Trendy Berlin
CUS4434,0,Mainstream customer
CUS4435,0,Mainstream customer
CUS4436,0,Mainstream customer
CUS4437,1,Discount customer
CUS4438,1,Discount customer
CUS4439,0,Mainstream customer
CUS444,0,Mainstream customer
CUS4440,1,Discount customer
CUS4441,1,Discount customer
CUS4442,1,Discount customer
CUS4443,1,Discount customer
CUS4444,0,Mainstream customer
CUS4445,0,Mainstream customer
CUS4446,0,Mainstream customer
CUS4447,0,Mainstream customer
CUS4448,0,Mainstream customer
CUS4449,0,Mainstream customer
CUS445,0,Mainstream customer
CUS4450,1,Discount customer
CUS4451,0,Mainstream customer
CUS4452,0,Mainstream customer
CUS4453,0,Mainstream customer
CUS4454,1,Discount customer
CUS4455,1,Discount customer
CUS4456,1,Discount customer
CUS4457,2,Premium Bremen Niche
CUS4458,3,Urban Trendy Berlin
CUS4459,1,Discount customer
CUS446,0,Mainstream customer
CUS4460,0,Mainstream customer
CUS4461,3,Urban Trendy Berlin
CUS4462,1,Discount customer
CUS4463,0,Mainstream customer
CUS4464,0,Mainstream customer
CUS4465,0,Mainstream customer
CUS4466,0,Mainstream customer
CUS4467,2,Premium Bremen Niche
CUS4468,0,Mainstream customer
CUS4469,1,Discount customer
CUS447,1,Discount customer
CUS4470,1,Discount customer
CUS4471,1,Discount customer
CUS4472,0,Mainstream customer
CUS4473,1,Discount customer
CUS4474,0,Mainstream customer
CUS4475,0,Mainstream customer
CUS4476,0,Mainstream customer
CUS4477,0,Mainstream customer
CUS4478,0,Mainstream customer
CUS4479,3,Urban Trendy Berlin
CUS448,3,Urban Trendy Berlin
CUS4480,0,Mainstream customer
CUS4481,1,Discount customer
CUS4482,0,Mainstream customer
CUS4483,1,Discount customer
CUS4484,1,Discount customer
CUS4485,0,Mainstream customer
CUS4486,1,Discount customer
CUS4487,0,Mainstream customer
CUS4488,1,Discount customer
CUS4489,1,Discount customer
CUS449,0,Mainstream customer
CUS4490,0,Mainstream customer
CUS4491,1,Discount customer
CUS4492,1,Discount customer
CUS4493,0,Mainstream customer
CUS4494,1,Discount customer
CUS4495,0,Mainstream customer
CUS4496,0,Mainstream customer
CUS4497,0,Mainstream customer
CUS4498,2,Premium Bremen Niche
CUS4499,1,Discount customer
CUS45,1,Discount customer
CUS450,1,Discount customer
CUS4500,0,Mainstream customer
CUS4501,0,Mainstream customer
CUS4502,1,Discount customer
CUS4503,1,Discount customer
CUS4504,0,Mainstream customer
CUS4505,0,Mainstream customer
CUS4506,0,Mainstream customer
CUS4507,1,Discount customer
CUS4508,1,Discount customer
CUS4509,2,Premium Bremen Niche
CUS451,0,Mainstream customer
CUS4510,0,Mainstream customer
CUS4511,1,Discount customer
CUS4512,0,Mainstream customer
CUS4513,0,Mainstream customer
CUS4514,1,Discount customer
CUS4515,0,Mainstream customer
CUS4516,0,Mainstream customer
CUS4517,1,Discount customer
CUS4518,0,Mainstream customer
CUS4519,2,Premium Bremen Niche
CUS452,1,Discount customer
CUS4520,0,Mainstream customer
CUS4521,0,Mainstream customer
CUS4522,1,Discount customer
CUS4523,0,Mainstream customer
CUS4524,0,Mainstream customer
CUS4525,0,Mainstream customer
CUS4526,1,Discount customer
CUS4527,1,Discount customer
CUS4528,1,Discount customer
CUS4529,0,Mainstream customer
CUS453,0,Mainstream customer
CUS4530,1,Discount customer
CUS4531,0,Mainstream customer
CUS4532,0,Mainstream customer
CUS4533,0,Mainstream customer
CUS4534,1,Discount customer
CUS4535,0,Mainstream customer
CUS4536,1,Discount customer
CUS4537,0,Mainstream customer
CUS4538,0,Mainstream customer
CUS4539,0,Mainstream customer
CUS454,2,Premium Bremen Niche
CUS4540,0,Mainstream customer
CUS4541,1,Discount customer
CUS4542,0,Mainstream customer
CUS4543,0,Mainstream customer
CUS4544,0,Mainstream customer
CUS4545,0,Mainstream customer
CUS4546,1,Discount customer
CUS4547,0,Mainstream customer
CUS4548,0,Mainstream customer
CUS4549,1,Discount customer
CUS455,0,Mainstream customer
CUS4550,1,Discount customer
CUS4551,0,Mainstream customer
CUS4552,0,Mainstream customer
CUS4553,0,Mainstream customer
CUS4554,1,Discount customer
CUS4555,0,Mainstream customer
CUS4556,0,Mainstream customer
CUS4557,0,Mainstream customer
CUS4558,1,Discount customer
CUS4559,1,Discount customer
CUS456,1,Discount customer
CUS4560,0,Mainstream customer
CUS4561,0,Mainstream customer
CUS4562,0,Mainstream customer
CUS4563,0,Mainstream customer
CUS4564,0,Mainstream customer
CUS4565,0,Mainstream customer
CUS4566,0,Mainstream customer
CUS4567,0,Mainstream customer
CUS4568,1,Discount customer
CUS4569,0,Mainstream customer
CUS457,1,Discount customer
CUS4570,0,Mainstream customer
CUS4571,1,Discount customer
CUS4572,0,Mainstream customer
CUS4573,1,Discount customer
CUS4574,1,Discount customer
CUS4575,1,Discount customer
CUS4576,1,Discount customer
CUS4577,0,Mainstream customer
CUS4578,3,Urban Trendy Berlin
CUS4579,1,Discount customer
CUS458,1,Discount customer
CUS4580,0,Mainstream customer
CUS4581,0,Mainstream customer
CUS4582,0,Mainstream customer
CUS4583,0,Mainstream customer
CUS4584,0,Mainstream customer
CUS4585,0,Mainstream customer
CUS4586,0,Mainstream customer
CUS4587,0,Mainstream customer
CUS4588,0,Mainstream customer
CUS4589,1,Discount customer
CUS459,1,Discount customer
CUS4590,0,Mainstream customer
CUS4591,0,Mainstream customer
CUS4592,0,Mainstream customer
CUS4593,1,Discount customer
CUS4594,0,Mainstream customer
CUS4595,1,Discount customer
CUS4596,1,Discount customer
CUS4597,0,Mainstream customer
CUS4598,0,Mainstream customer
CUS4599,1,Discount customer
CUS46,0,Mainstream customer
CUS460,0,Mainstream customer
CUS4600,1,Discount customer
CUS4601,0,Mainstream customer
CUS4602,0,Mainstream customer
CUS4603,1,Discount customer
CUS4604,0,Mainstream customer
CUS4605,0,Mainstream customer
CUS4606,0,Mainstream customer
CUS4607,3,Urban Trendy Berlin
CUS4608,0,Mainstream customer
CUS4609,0,Mainstream customer
CUS461,2,Premium Bremen Niche
CUS4610,1,Discount customer
CUS4611,1,Discount customer
CUS4612,1,Discount customer
CUS4613,0,Mainstream customer
CUS4614,2,Premium Bremen Niche
CUS4615,0,Mainstream customer
CUS4616,0,Mainstream customer
CUS4617,1,Discount customer
CUS4618,1,Discount customer
CUS4619,0,Mainstream customer
CUS462,0,Mainstream customer
CUS4620,0,Mainstream customer
CUS4621,3,Urban Trendy Berlin
CUS4622,1,Discount customer
CUS4623,1,Discount customer
CUS4624,0,Mainstream customer
CUS4625,0,Mainstream customer
CUS4626,0,Mainstream customer
CUS4627,0,Mainstream customer
CUS4628,0,Mainstream customer
CUS4629,0,Mainstream customer
CUS463,0,Mainstream customer
CUS4630,0,Mainstream customer
CUS4631,0,Mainstream customer
CUS4632,1,Discount customer
CUS4633,0,Mainstream customer
CUS4634,0,Mainstream customer
CUS4635,1,Discount customer
CUS4636,0,Mainstream customer
CUS4637,1,Discount customer
CUS4638,0,Mainstream customer
CUS4639,1,Discount customer
CUS464,0,Mainstream customer
CUS4640,0,Mainstream customer
CUS4641,0,Mainstream customer
CUS4642,1,Discount customer
CUS4643,1,Discount customer
CUS4644,0,Mainstream customer
CUS4645,0,Mainstream customer
CUS4646,1,Discount customer
CUS4647,0,Mainstream customer
CUS4648,1,Discount customer
CUS4649,1,Discount customer
CUS465,0,Mainstream customer
CUS4650,0,Mainstream customer
CUS4651,1,Discount customer
CUS4652,0,Mainstream customer
CUS4653,1,Discount customer
CUS4654,1,Discount customer
CUS4655,1,Discount customer
CUS4656,0,Mainstream customer
CUS4657,0,Mainstream customer
CUS4658,1,Discount customer
CUS4659,1,Discount customer
CUS466,0,Mainstream customer
CUS4660,1,Discount customer
CUS4661,0,Mainstream customer
CUS4662,0,Mainstream customer
CUS4663,1,Discount customer
CUS4664,1,Discount customer
CUS4665,0,Mainstream customer
CUS4666,0,Mainstream customer
CUS4667,1,Discount customer
CUS4668,0,Mainstream customer
CUS4669,0,Mainstream customer
CUS467,0,Mainstream customer
CUS4670,0,Mainstream customer
CUS4671,0,Mainstream customer
CUS4672,1,Discount customer
CUS4673,1,Discount customer
CUS4674,1,Discount customer
CUS4675,1,Discount customer
CUS4676,0,Mainstream customer
CUS4677,0,Mainstream customer
CUS4678,1,Discount customer
CUS4679,0,Mainstream customer
CUS468,1,Discount customer
CUS4680,0,Mainstream customer
CUS4681,0,Mainstream customer
CUS4682,0,Mainstream customer
CUS4683,0,Mainstream customer
CUS4684,0,Mainstream customer
CUS4685,3,Urban Trendy Berlin
CUS4686,1,Discount customer
CUS4687,0,Mainstream customer
CUS4688,0,Mainstream customer
CUS4689,0,Mainstream customer
CUS469,3,Urban Trendy Berlin
CUS4690,1,Discount customer
CUS4691,0,Mainstream customer
CUS4692,0,Mainstream customer
CUS4693,1,Discount customer
CUS4694,1,Discount customer
CUS4695,0,Mainstream customer
CUS4696,0,Mainstream customer
CUS4697,1,Discount customer
CUS4698,1,Discount customer
CUS4699,0,Mainstream customer
CUS47,0,Mainstream customer
CUS470,0,Mainstream customer
CUS4700,0,Mainstream customer
CUS4701,1,Discount customer
CUS4702,0,Mainstream customer
CUS4703,0,Mainstream customer
CUS4704,0,Mainstream customer
CUS4705,0,Mainstream customer
CUS4706,1,Discount customer
CUS4707,1,Discount customer
CUS4708,3,Urban Trendy Berlin
CUS4709,1,Discount customer
CUS471,0,Mainstream customer
CUS4710,1,Discount customer
CUS4711,0,Mainstream customer
CUS4712,0,Mainstream customer
CUS4713,1,Discount customer
CUS4714,1,Discount customer
CUS4715,1,Discount customer
CUS4716,1,Discount customer
CUS4717,1,Discount customer
CUS4718,0,Mainstream customer
CUS4719,0,Mainstream customer
CUS472,1,Discount customer
CUS4720,0,Mainstream customer
CUS4721,0,Mainstream customer
CUS4722,0,Mainstream customer
CUS4723,0,Mainstream customer
CUS4724,1,Discount customer
CUS4725,0,Mainstream customer
CUS4726,1,Discount customer
CUS4727,0,Mainstream customer
CUS4728,0,Mainstream customer
CUS4729,0,Mainstream customer
CUS473,1,Discount customer
CUS4730,0,Mainstream customer
CUS4731,0,Mainstream customer
CUS4732,3,Urban Trendy Berlin
CUS4733,1,Discount customer
CUS4734,0,Mainstream customer
CUS4735,0,Mainstream customer
CUS4736,1,Discount customer
CUS4737,0,Mainstream customer
CUS4738,1,Discount customer
CUS4739,0,Mainstream customer
CUS474,0,Mainstream customer
CUS4740,1,Discount customer
CUS4741,1,Discount customer
CUS4742,0,Mainstream customer
CUS4743,0,Mainstream customer
CUS4744,0,Mainstream customer
CUS4745,0,Mainstream customer
CUS4746,0,Mainstream customer
CUS4747,3,Urban Trendy Berlin
CUS4748,1,Discount customer
CUS4749,1,Discount customer
CUS475,0,Mainstream customer
CUS4750,0,Mainstream customer
CUS4751,0,Mainstream customer
CUS4752,0,Mainstream customer
CUS4753,3,Urban Trendy Berlin
CUS4754,0,Mainstream customer
CUS4755,0,Mainstream customer
CUS4756,0,Mainstream customer
CUS4757,0,Mainstream customer
CUS4758,0,Mainstream customer
CUS4759,1,Discount customer
CUS476,0,Mainstream customer
CUS4760,1,Discount customer
CUS4761,0,Mainstream customer
CUS4762,0,Mainstream customer
CUS4763,1,Discount customer
CUS4764,0,Mainstream customer
CUS4765,0,Mainstream customer
CUS4766,0,Mainstream customer
CUS4767,0,Mainstream customer
CUS4768,1,Discount customer
CUS4769,0,Mainstream customer
CUS477,0,Mainstream customer
CUS4770,1,Discount customer
CUS4771,0,Mainstream customer
CUS4772,0,Mainstream customer
CUS4773,1,Discount customer
CUS4774,1,Discount customer
CUS4775,1,Discount customer
CUS4776,1,Discount customer
CUS4777,0,Mainstream customer
CUS4778,3,Urban Trendy Berlin
CUS4779,0,Mainstream customer
CUS478,1,Discount customer
CUS4780,1,Discount customer
CUS4781,1,Discount customer
CUS4782,0,Mainstream customer
CUS4783,0,Mainstream customer
CUS4784,0,Mainstream customer
CUS4785,1,Discount customer
CUS4786,0,Mainstream customer
CUS4787,0,Mainstream customer
CUS4788,1,Discount customer
CUS4789,0,Mainstream customer
CUS479,0,Mainstream customer
CUS4790,0,Mainstream customer
CUS4791,1,Discount customer
CUS4792,1,Discount customer
CUS4793,1,Discount customer
CUS4794,1,Discount customer
CUS4795,2,Premium Bremen Niche
CUS4796,0,Mainstream customer
CUS4797,0,Mainstream customer
CUS4798,0,Mainstream customer
CUS4799,0,Mainstream customer
CUS48,1,Discount customer
CUS480,1,Discount customer
CUS4800,0,Mainstream customer
CUS4801,0,Mainstream customer
CUS4802,0,Mainstream customer
CUS4803,0,Mainstream customer
CUS4804,0,Mainstream customer
CUS4805,0,Mainstream customer
CUS4806,0,Mainstream customer
CUS4807,0,Mainstream customer
CUS4808,0,Mainstream customer
CUS4809,3,Urban Trendy Berlin
CUS481,1,Discount customer
CUS4810,0,Mainstream customer
CUS4811,0,Mainstream customer
CUS4812,1,Discount customer
CUS4813,1,Discount customer
CUS4814,0,Mainstream customer
CUS4815,1,Discount customer
CUS4816,0,Mainstream customer
CUS4817,0,Mainstream customer
CUS4818,1,Discount customer
CUS4819,1,Discount customer
CUS482,1,Discount customer
CUS4820,0,Mainstream customer
CUS4821,0,Mainstream customer
CUS4822,1,Discount customer
CUS4823,0,Mainstream customer
CUS4824,0,Mainstream customer
CUS4825,0,Mainstream customer
CUS4826,0,Mainstream customer
CUS4827,0,Mainstream customer
CUS4828,1,Discount customer
CUS4829,0,Mainstream customer
CUS483,1,Discount customer
CUS4830,0,Mainstream customer
CUS4831,0,Mainstream customer
CUS4832,0,Mainstream customer
CUS4833,0,Mainstream customer
CUS4834,1,Discount customer
CUS4835,0,Mainstream customer
CUS4836,0,Mainstream customer
CUS4837,1,Discount customer
CUS4838,0,Mainstream customer
CUS4839,0,Mainstream customer
CUS484,0,Mainstream customer
CUS4840,0,Mainstream customer
CUS4841,1,Discount customer
CUS4842,0,Mainstream customer
CUS4843,0,Mainstream customer
CUS4844,0,Mainstream customer
CUS4845,1,Discount customer
CUS4846,1,Discount customer
CUS4847,0,Mainstream customer
CUS4848,1,Discount customer
CUS4849,2,Premium Bremen Niche
CUS485,1,Discount customer
CUS4850,1,Discount customer
CUS4851,1,Discount customer
CUS4852,1,Discount customer
CUS4853,0,Mainstream customer
CUS4854,0,Mainstream customer
CUS4855,1,Discount customer
CUS4856,1,Discount customer
CUS4857,1,Discount customer
CUS4858,0,Mainstream customer
CUS4859,0,Mainstream customer
CUS486,0,Mainstream customer
CUS4860,1,Discount customer
CUS4861,0,Mainstream customer
CUS4862,0,Mainstream customer
CUS4863,1,Discount customer
CUS4864,1,Discount customer
CUS4865,1,Discount customer
CUS4866,1,Discount customer
CUS4867,0,Mainstream customer
CUS4868,0,Mainstream customer
CUS4869,0,Mainstream customer
CUS487,1,Discount customer
CUS4870,0,Mainstream customer
CUS4871,0,Mainstream customer
CUS4872,0,Mainstream customer
CUS4873,1,Discount customer
CUS4874,2,Premium Bremen Niche
CUS4875,1,Discount customer
CUS4876,0,Mainstream customer
CUS4877,0,Mainstream customer
CUS4878,0,Mainstream customer
CUS4879,1,Discount customer
CUS488,0,Mainstream customer
CUS4880,1,Discount customer
CUS4881,0,Mainstream customer
CUS4882,1,Discount customer
CUS4883,0,Mainstream customer
CUS4884,1,Discount customer
CUS4885,0,Mainstream customer
CUS4886,1,Discount customer
CUS4887,0,Mainstream customer
CUS4888,1,Discount customer
CUS4889,1,Discount customer
CUS489,0,Mainstream customer
CUS4890,1,Discount customer
CUS4891,0,Mainstream customer
CUS4892,0,Mainstream customer
CUS4893,1,Discount customer
CUS4894,1,Discount customer
CUS4895,0,Mainstream customer
CUS4896,1,Discount customer
CUS4897,1,Discount customer
CUS4898,0,Mainstream customer
CUS4899,0,Mainstream customer
CUS49,0,Mainstream customer
CUS490,1,Discount customer
CUS4900,1,Discount customer
CUS4901,1,Discount customer
CUS4902,0,Mainstream customer
CUS4903,0,Mainstream customer
CUS4904,0,Mainstream customer
CUS4905,0,Mainstream customer
CUS4906,1,Discount customer
CUS4907,0,Mainstream customer
CUS4908,0,Mainstream customer
CUS4909,0,Mainstream customer
CUS491,0,Mainstream customer
CUS4910,1,Discount customer
CUS4911,0,Mainstream customer
CUS4912,0,Mainstream customer
CUS4913,1,Discount customer
CUS4914,2,Premium Bremen Niche
CUS4915,0,Mainstream customer
CUS4916,0,Mainstream customer
CUS4917,1,Discount customer
CUS4918,1,Discount customer
CUS4919,1,Discount customer
CUS492,0,Mainstream customer
CUS4920,0,Mainstream customer
CUS4921,0,Mainstream customer
CUS4922,1,Discount customer
CUS4923,1,Discount customer
CUS4924,1,Discount customer
CUS4925,0,Mainstream customer
CUS4926,0,Mainstream customer
CUS4927,0,Mainstream customer
CUS4928,1,Discount customer
CUS4929,2,Premium Bremen Niche
CUS493,0,Mainstream customer
CUS4930,0,Mainstream customer
CUS4931,0,Mainstream customer
CUS4932,0,Mainstream customer
CUS4933,1,Discount customer
CUS4934,0,Mainstream customer
CUS4935,0,Mainstream customer
CUS4936,1,Discount customer
CUS4937,0,Mainstream customer
CUS4938,0,Mainstream customer
CUS4939,1,Discount customer
CUS494,0,Mainstream customer
CUS4940,0,Mainstream customer
CUS4941,1,Discount customer
CUS4942,0,Mainstream customer
CUS4943,0,Mainstream customer
CUS4944,0,Mainstream customer
CUS4945,0,Mainstream customer
CUS4946,1,Discount customer
CUS4947,1,Discount customer
CUS4948,1,Discount customer
CUS4949,0,Mainstream customer
CUS495,1,Discount customer
CUS4950,0,Mainstream customer
CUS4951,1,Discount customer
CUS4952,0,Mainstream customer
CUS4953,0,Mainstream customer
CUS4954,0,Mainstream customer
CUS4955,0,Mainstream customer
CUS4956,0,Mainstream customer
CUS4957,1,Discount customer
CUS4958,0,Mainstream customer
CUS4959,0,Mainstream customer
CUS496,1,Discount customer
CUS4960,0,Mainstream customer
CUS4961,0,Mainstream customer
CUS4962,1,Discount customer
CUS4963,1,Discount customer
CUS4964,1,Discount customer
CUS4965,1,Discount customer
CUS4966,0,Mainstream customer
CUS4967,0,Mainstream customer
CUS4968,0,Mainstream customer
CUS4969,0,Mainstream customer
CUS497,1,Discount customer
CUS4970,3,Urban Trendy Berlin
CUS4971,0,Mainstream customer
CUS4972,1,Discount customer
CUS4973,0,Mainstream customer
CUS4974,1,Discount customer
CUS4975,0,Mainstream customer
CUS4976,1,Discount customer
CUS4977,1,Discount customer
CUS4978,1,Discount customer
CUS4979,1,Discount customer
CUS498,1,Discount customer
CUS4980,0,Mainstream customer
CUS4981,0,Mainstream customer
CUS4982,1,Discount customer
CUS4983,0,Mainstream customer
CUS4984,0,Mainstream customer
CUS4985,0,Mainstream customer
CUS4986,1,Discount customer
CUS4987,1,Discount customer
CUS4988,0,Mainstream customer
CUS4989,0,Mainstream customer
CUS499,1,Discount customer
CUS4990,0,Mainstream customer
CUS4991,1,Discount customer
CUS4992,1,Discount customer
CUS4993,0,Mainstream customer
CUS4994,0,Mainstream customer
CUS4995,0,Mainstream customer
CUS4996,0,Mainstream customer
CUS4997,0,Mainstream customer
CUS4998,0,Mainstream customer
CUS4999,0,Mainstream customer
CUS5,1,Discount customer
CUS50,0,Mainstream customer
CUS500,1,Discount customer
CUS5000,0,Mainstream customer
CUS5001,0,Mainstream customer
CUS5002,0,Mainstream customer
CUS5003,1,Discount customer
CUS5004,0,Mainstream customer
CUS5005,0,Mainstream customer
CUS5006,1,Discount customer
CUS5007,0,Mainstream customer
CUS5008,1,Discount customer
CUS5009,1,Discount customer
CUS501,1,Discount customer
CUS5010,0,Mainstream customer
CUS5011,1,Discount customer
CUS5012,0,Mainstream customer
CUS5013,0,Mainstream customer
CUS5014,0,Mainstream customer
CUS5015,1,Discount customer
CUS5016,1,Discount customer
CUS5017,0,Mainstream customer
CUS5018,0,Mainstream customer
CUS5019,1,Discount customer
CUS502,1,Discount customer
CUS5020,0,Mainstream customer
CUS5021,0,Mainstream customer
CUS5022,0,Mainstream customer
CUS5023,1,Discount customer
CUS5024,0,Mainstream customer
CUS5025,1,Discount customer
CUS5026,0,Mainstream customer
CUS5027,0,Mainstream customer
CUS5028,0,Mainstream customer
CUS5029,0,Mainstream customer
CUS503,0,Mainstream customer
CUS5030,1,Discount customer
CUS5031,1,Discount customer
CUS5032,1,Discount customer
CUS5033,0,Mainstream customer
CUS5034,2,Premium Bremen Niche
CUS5035,0,Mainstream customer
CUS5036,0,Mainstream customer
CUS5037,3,Urban Trendy Berlin
CUS5038,1,Discount customer
CUS5039,0,Mainstream customer
CUS504,0,Mainstream customer
CUS5040,0,Mainstream customer
CUS5041,1,Discount customer
CUS5042,0,Mainstream customer
CUS5043,0,Mainstream customer
CUS5044,0,Mainstream customer
CUS5045,1,Discount customer
CUS5046,0,Mainstream customer
CUS5047,0,Mainstream customer
CUS5048,0,Mainstream customer
CUS5049,0,Mainstream customer
CUS505,0,Mainstream customer
CUS5050,1,Discount customer
CUS5051,0,Mainstream customer
CUS5052,0,Mainstream customer
CUS5053,0,Mainstream customer
CUS5054,0,Mainstream customer
CUS5055,2,Premium Bremen Niche
CUS5056,1,Discount customer
CUS5057,1,Discount customer
CUS5058,0,Mainstream customer
CUS5059,0,Mainstream customer
CUS506,1,Discount customer
CUS5060,0,Mainstream customer
CUS5061,0,Mainstream customer
CUS5062,0,Mainstream customer
CUS5063,0,Mainstream customer
CUS5064,0,Mainstream customer
CUS5065,1,Discount customer
CUS5066,0,Mainstream customer
CUS5067,0,Mainstream customer
CUS5068,0,Mainstream customer
CUS5069,0,Mainstream customer
CUS507,3,Urban Trendy Berlin
CUS5070,0,Mainstream customer
CUS5071,1,Discount customer
CUS5072,1,Discount customer
CUS5073,1,Discount customer
CUS5074,1,Discount customer
CUS5075,0,Mainstream customer
CUS5076,0,Mainstream customer
CUS5077,2,Premium Bremen Niche
CUS5078,2,Premium Bremen Niche
CUS5079,0,Mainstream customer
CUS508,0,Mainstream customer
CUS5080,1,Discount customer
CUS5081,1,Discount customer
CUS5082,0,Mainstream customer
CUS5083,0,Mainstream customer
CUS5084,0,Mainstream customer
CUS5085,0,Mainstream customer
CUS5086,0,Mainstream customer
CUS5087,0,Mainstream customer
CUS5088,0,Mainstream customer
CUS5089,0,Mainstream customer
CUS509,1,Discount customer
CUS5090,0,Mainstream customer
CUS5091,1,Discount customer
CUS5092,0,Mainstream customer
CUS5093,0,Mainstream customer
CUS5094,1,Discount customer
CUS5095,0,Mainstream customer
CUS5096,0,Mainstream customer
CUS5097,0,Mainstream customer
CUS5098,0,Mainstream customer
CUS5099,0,Mainstream customer
CUS51,0,Mainstream customer
CUS510,1,Discount customer
CUS5100,0,Mainstream customer
CUS5101,0,Mainstream customer
CUS5102,1,Discount customer
CUS5103,0,Mainstream customer
CUS5104,0,Mainstream customer
CUS5105,0,Mainstream customer
CUS5106,0,Mainstream customer
CUS5107,0,Mainstream customer
CUS5108,0,Mainstream customer
CUS5109,1,Discount customer
CUS511,1,Discount customer
CUS5110,0,Mainstream customer
CUS5111,0,Mainstream customer
CUS5112,0,Mainstream customer
CUS5113,0,Mainstream customer
CUS5114,1,Discount customer
CUS5115,0,Mainstream customer
CUS5116,0,Mainstream customer
CUS5117,1,Discount customer
CUS5118,1,Discount customer
CUS5119,0,Mainstream customer
CUS512,0,Mainstream customer
CUS5120,1,Discount customer
CUS5121,1,Discount customer
CUS5122,0,Mainstream customer
CUS5123,0,Mainstream customer
CUS5124,0,Mainstream customer
CUS5125,1,Discount customer
CUS5126,0,Mainstream customer
CUS5127,1,Discount customer
CUS5128,0,Mainstream customer
CUS5129,0,Mainstream customer
CUS513,0,Mainstream customer
CUS5130,1,Discount customer
CUS5131,1,Discount customer
CUS5132,0,Mainstream customer
CUS5133,1,Discount customer
CUS5134,0,Mainstream customer
CUS5135,0,Mainstream customer
CUS5136,2,Premium Bremen Niche
CUS5137,0,Mainstream customer
CUS5138,1,Discount customer
CUS5139,0,Mainstream customer
CUS514,1,Discount customer
CUS5140,1,Discount customer
CUS5141,1,Discount customer
CUS5142,0,Mainstream customer
CUS5143,1,Discount customer
CUS5144,0,Mainstream customer
CUS5145,0,Mainstream customer
CUS5146,1,Discount customer
CUS5147,1,Discount customer
CUS5148,1,Discount customer
CUS5149,0,Mainstream customer
CUS515,0,Mainstream customer
CUS5150,1,Discount customer
CUS5151,0,Mainstream customer
CUS5152,0,Mainstream customer
CUS5153,0,Mainstream customer
CUS5154,0,Mainstream customer
CUS5155,0,Mainstream customer
CUS5156,0,Mainstream customer
CUS5157,0,Mainstream customer
CUS5158,1,Discount customer
CUS5159,1,Discount customer
CUS516,0,Mainstream customer
CUS5160,0,Mainstream customer
CUS5161,0,Mainstream customer
CUS5162,0,Mainstream customer
CUS5163,0,Mainstream customer
CUS5164,0,Mainstream customer
CUS5165,0,Mainstream customer
CUS5166,1,Discount customer
CUS5167,1,Discount customer
CUS5168,0,Mainstream customer
CUS5169,1,Discount customer
CUS517,1,Discount customer
CUS5170,1,Discount customer
CUS5171,1,Discount customer
CUS5172,0,Mainstream customer
CUS5173,0,Mainstream customer
CUS5174,0,Mainstream customer
CUS5175,1,Discount customer
CUS5176,0,Mainstream customer
CUS5177,0,Mainstream customer
CUS5178,0,Mainstream customer
CUS5179,0,Mainstream customer
CUS518,1,Discount customer
CUS5180,1,Discount customer
CUS5181,0,Mainstream customer
CUS5182,0,Mainstream customer
CUS5183,0,Mainstream customer
CUS5184,3,Urban Trendy Berlin
CUS5185,0,Mainstream customer
CUS5186,0,Mainstream customer
CUS5187,0,Mainstream customer
CUS5188,2,Premium Bremen Niche
CUS5189,1,Discount customer
CUS519,0,Mainstream customer
CUS5190,1,Discount customer
CUS5191,0,Mainstream customer
CUS5192,1,Discount customer
CUS5193,3,Urban Trendy Berlin
CUS5194,1,Discount customer
CUS5195,0,Mainstream customer
CUS5196,1,Discount customer
CUS5197,0,Mainstream customer
CUS5198,2,Premium Bremen Niche
CUS5199,0,Mainstream customer
CUS52,0,Mainstream customer
CUS520,1,Discount customer
CUS5200,0,Mainstream customer
CUS5201,3,Urban Trendy Berlin
CUS5202,0,Mainstream customer
CUS5203,0,Mainstream customer
CUS5204,0,Mainstream customer
CUS5205,0,Mainstream customer
CUS5206,1,Discount customer
CUS5207,1,Discount customer
CUS5208,1,Discount customer
CUS5209,0,Mainstream customer
CUS521,0,Mainstream customer
CUS5210,0,Mainstream customer
CUS5211,1,Discount customer
CUS5212,0,Mainstream customer
CUS5213,0,Mainstream customer
CUS5214,0,Mainstream customer
CUS5215,0,Mainstream customer
CUS5216,1,Discount customer
CUS5217,0,Mainstream customer
CUS5218,0,Mainstream customer
CUS5219,0,Mainstream customer
CUS522,0,Mainstream customer
CUS5220,0,Mainstream customer
CUS5221,1,Discount customer
CUS5222,0,Mainstream customer
CUS5223,0,Mainstream customer
CUS5224,0,Mainstream customer
CUS5225,2,Premium Bremen Niche
CUS5226,0,Mainstream customer
CUS5227,0,Mainstream customer
CUS5228,0,Mainstream customer
CUS5229,0,Mainstream customer
CUS523,0,Mainstream customer
CUS5230,1,Discount customer
CUS5231,0,Mainstream customer
CUS5232,0,Mainstream customer
CUS5233,0,Mainstream customer
CUS5234,0,Mainstream customer
CUS5235,1,Discount customer
CUS5236,1,Discount customer
CUS5237,0,Mainstream customer
CUS5238,0,Mainstream customer
CUS5239,1,Discount customer
CUS524,1,Discount customer
CUS5240,0,Mainstream customer
CUS5241,1,Discount customer
CUS5242,1,Discount customer
CUS5243,0,Mainstream customer
CUS5244,0,Mainstream customer
CUS5245,0,Mainstream customer
CUS5246,0,Mainstream customer
CUS5247,0,Mainstream customer
CUS5248,1,Discount customer
CUS5249,0,Mainstream customer
CUS525,0,Mainstream customer
CUS5250,1,Discount customer
CUS5251,1,Discount customer
CUS5252,0,Mainstream customer
CUS5253,0,Mainstream customer
CUS5254,0,Mainstream customer
CUS5255,0,Mainstream customer
CUS5256,1,Discount customer
CUS5257,0,Mainstream customer
CUS5258,1,Discount customer
CUS5259,1,Discount customer
CUS526,1,Discount customer
CUS5260,0,Mainstream customer
CUS5261,1,Discount customer
CUS5262,1,Discount customer
CUS5263,1,Discount customer
CUS5264,0,Mainstream customer
CUS5265,0,Mainstream customer
CUS5266,0,Mainstream customer
CUS5267,0,Mainstream customer
CUS5268,0,Mainstream customer
CUS5269,0,Mainstream customer
CUS527,0,Mainstream customer
CUS5270,0,Mainstream customer
CUS5271,0,Mainstream customer
CUS5272,1,Discount customer
CUS5273,0,Mainstream customer
CUS5274,0,Mainstream customer
CUS5275,1,Discount customer
CUS5276,1,Discount customer
CUS5277,1,Discount customer
CUS5278,0,Mainstream customer
CUS5279,0,Mainstream customer
CUS528,1,Discount customer
CUS5280,1,Discount customer
CUS5281,0,Mainstream customer
CUS5282,0,Mainstream customer
CUS5283,1,Discount customer
CUS5284,0,Mainstream customer
CUS5285,1,Discount customer
CUS5286,1,Discount customer
CUS5287,0,Mainstream customer
CUS5288,0,Mainstream customer
CUS5289,0,Mainstream customer
CUS529,1,Discount customer
CUS5290,0,Mainstream customer
CUS5291,0,Mainstream customer
CUS5292,0,Mainstream customer
CUS5293,0,Mainstream customer
CUS5294,1,Discount customer
CUS5295,1,Discount customer
CUS5296,3,Urban Trendy Berlin
CUS5297,0,Mainstream customer
CUS5298,1,Discount customer
CUS5299,1,Discount customer
CUS53,0,Mainstream customer
CUS530,0,Mainstream customer
CUS5300,1,Discount customer
CUS5301,0,Mainstream customer
CUS5302,0,Mainstream customer
CUS5303,0,Mainstream customer
CUS5304,0,Mainstream customer
CUS5305,0,Mainstream customer
CUS5306,0,Mainstream customer
CUS5307,0,Mainstream customer
CUS5308,0,Mainstream customer
CUS5309,0,Mainstream customer
CUS531,0,Mainstream customer
CUS5310,0,Mainstream customer
CUS5311,1,Discount customer
CUS5312,0,Mainstream customer
CUS5313,0,Mainstream customer
CUS5314,0,Mainstream customer
CUS5315,0,Mainstream customer
CUS5316,0,Mainstream customer
CUS5317,0,Mainstream customer
CUS5318,0,Mainstream customer
CUS5319,1,Discount customer
CUS532,1,Discount customer
CUS5320,0,Mainstream customer
CUS5321,0,Mainstream customer
CUS5322,0,Mainstream customer
CUS5323,0,Mainstream customer
CUS5324,1,Discount customer
CUS5325,0,Mainstream customer
CUS5326,1,Discount customer
CUS5327,0,Mainstream customer
CUS5328,1,Discount customer
CUS5329,0,Mainstream customer
CUS533,1,Discount customer
CUS5330,0,Mainstream customer
CUS5331,0,Mainstream customer
CUS5332,3,Urban Trendy Berlin
CUS5333,0,Mainstream customer
CUS5334,0,Mainstream customer
CUS5335,0,Mainstream customer
CUS5336,0,Mainstream customer
CUS5337,0,Mainstream customer
CUS5338,0,Mainstream customer
CUS5339,1,Discount customer
CUS534,1,Discount customer
CUS5340,0,Mainstream customer
CUS5341,0,Mainstream customer
CUS5342,0,Mainstream customer
CUS5343,1,Discount customer
CUS5344,1,Discount customer
CUS5345,0,Mainstream customer
CUS5346,0,Mainstream customer
CUS5347,0,Mainstream customer
CUS5348,1,Discount customer
CUS5349,1,Discount customer
CUS535,1,Discount customer
CUS5350,0,Mainstream customer
CUS5351,1,Discount customer
CUS5352,0,Mainstream customer
CUS5353,1,Discount customer
CUS5354,0,Mainstream customer
CUS5355,0,Mainstream customer
CUS5356,0,Mainstream customer
CUS5357,3,Urban Trendy Berlin
CUS5358,1,Discount customer
CUS5359,0,Mainstream customer
CUS536,0,Mainstream customer
CUS5360,1,Discount customer
CUS5361,0,Mainstream customer
CUS5362,0,Mainstream customer
CUS5363,0,Mainstream customer
CUS5364,0,Mainstream customer
CUS5365,1,Discount customer
CUS5366,0,Mainstream customer
CUS5367,1,Discount customer
CUS5368,2,Premium Bremen Niche
CUS5369,0,Mainstream customer
CUS537,0,Mainstream customer
CUS5370,1,Discount customer
CUS5371,0,Mainstream customer
CUS5372,0,Mainstream customer
CUS5373,1,Discount customer
CUS5374,0,Mainstream customer
CUS5375,0,Mainstream customer
CUS5376,0,Mainstream customer
CUS5377,1,Discount customer
CUS5378,3,Urban Trendy Berlin
CUS5379,0,Mainstream customer
CUS538,0,Mainstream customer
CUS5380,0,Mainstream customer
CUS5381,1,Discount customer
CUS5382,1,Discount customer
CUS5383,1,Discount customer
CUS5384,3,Urban Trendy Berlin
CUS5385,0,Mainstream customer
CUS5386,0,Mainstream customer
CUS5387,1,Discount customer
CUS5388,0,Mainstream customer
CUS5389,1,Discount customer
CUS539,0,Mainstream customer
CUS5390,0,Mainstream customer
CUS5391,1,Discount customer
CUS5392,0,Mainstream customer
CUS5393,0,Mainstream customer
CUS5394,1,Discount customer
CUS5395,0,Mainstream customer
CUS5396,0,Mainstream customer
CUS5397,0,Mainstream customer
CUS5398,0,Mainstream customer
CUS5399,0,Mainstream customer
CUS54,0,Mainstream customer
CUS540,0,Mainstream customer
CUS5400,1,Discount customer
CUS5401,1,Discount customer
CUS5402,0,Mainstream customer
CUS5403,1,Discount customer
CUS5404,0,Mainstream customer
CUS5405,0,Mainstream customer
CUS5406,0,Mainstream customer
CUS5407,0,Mainstream customer
CUS5408,0,Mainstream customer
CUS5409,0,Mainstream customer
CUS541,0,Mainstream customer
CUS5410,0,Mainstream customer
CUS5411,0,Mainstream customer
CUS5412,1,Discount customer
CUS5413,0,Mainstream customer
CUS5414,0,Mainstream customer
CUS5415,1,Discount customer
CUS5416,1,Discount customer
CUS5417,2,Premium Bremen Niche
CUS5418,1,Discount customer
CUS5419,0,Mainstream customer
CUS542,0,Mainstream customer
CUS5420,1,Discount customer
CUS5421,0,Mainstream customer
CUS5422,0,Mainstream customer
CUS5423,0,Mainstream customer
CUS5424,1,Discount customer
CUS5425,0,Mainstream customer
CUS5426,1,Discount customer
CUS5427,1,Discount customer
CUS5428,0,Mainstream customer
CUS5429,0,Mainstream customer
CUS543,0,Mainstream customer
CUS5430,1,Discount customer
CUS5431,0,Mainstream customer
CUS5432,0,Mainstream customer
CUS5433,1,Discount customer
CUS5434,1,Discount customer
CUS5435,0,Mainstream customer
CUS5436,0,Mainstream customer
CUS5437,1,Discount customer
CUS5438,0,Mainstream customer
CUS5439,0,Mainstream customer
CUS544,1,Discount customer
CUS5440,0,Mainstream customer
CUS5441,0,Mainstream customer
CUS5442,0,Mainstream customer
CUS5443,1,Discount customer
CUS5444,0,Mainstream customer
CUS5445,1,Discount customer
CUS5446,1,Discount customer
CUS5447,0,Mainstream customer
CUS5448,1,Discount customer
CUS5449,0,Mainstream customer
CUS545,1,Discount customer
CUS5450,1,Discount customer
CUS5451,0,Mainstream customer
CUS5452,1,Discount customer
CUS5453,0,Mainstream customer
CUS5454,1,Discount customer
CUS5455,0,Mainstream customer
CUS5456,0,Mainstream customer
CUS5457,0,Mainstream customer
CUS5458,0,Mainstream customer
CUS5459,0,Mainstream customer
CUS546,0,Mainstream customer
CUS5460,1,Discount customer
CUS5461,0,Mainstream customer
CUS5462,0,Mainstream customer
CUS5463,0,Mainstream customer
CUS5464,0,Mainstream customer
CUS5465,0,Mainstream customer
CUS5466,0,Mainstream customer
CUS5467,0,Mainstream customer
CUS5468,0,Mainstream customer
CUS5469,1,Discount customer
CUS547,0,Mainstream customer
CUS5470,0,Mainstream customer
CUS5471,0,Mainstream customer
CUS5472,1,Discount customer
CUS5473,1,Discount customer
CUS5474,0,Mainstream customer
CUS5475,1,Discount customer
CUS5476,1,Discount customer
CUS5477,1,Discount customer
CUS5478,1,Discount customer
CUS5479,0,Mainstream customer
CUS548,0,Mainstream customer
CUS5480,0,Mainstream customer
CUS5481,1,Discount customer
CUS5482,1,Discount customer
CUS5483,0,Mainstream customer
CUS5484,0,Mainstream customer
CUS5485,0,Mainstream customer
CUS5486,1,Discount customer
CUS5487,0,Mainstream customer
CUS5488,0,Mainstream customer
CUS5489,0,Mainstream customer
CUS549,1,Discount customer
CUS5490,0,Mainstream customer
CUS5491,0,Mainstream customer
CUS5492,0,Mainstream customer
CUS5493,0,Mainstream customer
CUS5494,0,Mainstream customer
CUS5495,0,Mainstream customer
CUS5496,0,Mainstream customer
CUS5497,0,Mainstream customer
CUS5498,0,Mainstream customer
CUS5499,1,Discount customer
CUS55,1,Discount customer
CUS550,0,Mainstream customer
CUS5500,0,Mainstream customer
CUS5501,1,Discount customer
CUS5502,0,Mainstream customer
CUS5503,1,Discount customer
CUS5504,0,Mainstream customer
CUS5505,1,Discount customer
CUS5506,0,Mainstream customer
CUS5507,0,Mainstream customer
CUS5508,0,Mainstream customer
CUS5509,1,Discount customer
CUS551,2,Premium Bremen Niche
CUS5510,2,Premium Bremen Niche
CUS5511,1,Discount customer
CUS5512,0,Mainstream customer
CUS5513,1,Discount customer
CUS5514,0,Mainstream customer
CUS5515,1,Discount customer
CUS5516,0,Mainstream customer
CUS5517,0,Mainstream customer
CUS5518,1,Discount customer
CUS5519,2,Premium Bremen Niche
CUS552,0,Mainstream customer
CUS5520,0,Mainstream customer
CUS5521,1,Discount customer
CUS5522,0,Mainstream customer
CUS5523,0,Mainstream customer
CUS5524,1,Discount customer
CUS5525,0,Mainstream customer
CUS5526,1,Discount customer
CUS5527,0,Mainstream customer
CUS5528,0,Mainstream customer
CUS5529,2,Premium Bremen Niche
CUS553,1,Discount customer
CUS5530,0,Mainstream customer
CUS5531,1,Discount customer
CUS5532,0,Mainstream customer
CUS5533,1,Discount customer
CUS5534,0,Mainstream customer
CUS5535,1,Discount customer
CUS5536,1,Discount customer
CUS5537,0,Mainstream customer
CUS5538,0,Mainstream customer
CUS5539,0,Mainstream customer
CUS554,1,Discount customer
CUS5540,2,Premium Bremen Niche
CUS5541,0,Mainstream customer
CUS5542,1,Discount customer
CUS5543,0,Mainstream customer
CUS5544,0,Mainstream customer
CUS5545,1,Discount customer
CUS5546,0,Mainstream customer
CUS5547,0,Mainstream customer
CUS5548,1,Discount customer
CUS5549,0,Mainstream customer
CUS555,0,Mainstream customer
CUS5550,1,Discount customer
CUS5551,0,Mainstream customer
CUS5552,0,Mainstream customer
CUS5553,0,Mainstream customer
CUS5554,3,Urban Trendy Berlin
CUS5555,0,Mainstream customer
CUS5556,0,Mainstream customer
CUS5557,0,Mainstream customer
CUS5558,1,Discount customer
CUS5559,1,Discount customer
CUS556,0,Mainstream customer
CUS5560,0,Mainstream customer
CUS5561,0,Mainstream customer
CUS5562,0,Mainstream customer
CUS5563,0,Mainstream customer
CUS5564,0,Mainstream customer
CUS5565,1,Discount customer
CUS5566,0,Mainstream customer
CUS5567,0,Mainstream customer
CUS5568,1,Discount customer
CUS5569,3,Urban Trendy Berlin
CUS557,0,Mainstream customer
CUS5570,0,Mainstream customer
CUS5571,1,Discount customer
CUS5572,0,Mainstream customer
CUS5573,0,Mainstream customer
CUS5574,0,Mainstream customer
CUS5575,0,Mainstream customer
CUS5576,1,Discount customer
CUS5577,0,Mainstream customer
CUS5578,0,Mainstream customer
CUS5579,0,Mainstream customer
CUS558,0,Mainstream customer
CUS5580,0,Mainstream customer
CUS5581,0,Mainstream customer
CUS5582,1,Discount customer
CUS5583,1,Discount customer
CUS5584,0,Mainstream customer
CUS5585,0,Mainstream customer
CUS5586,0,Mainstream customer
CUS5587,1,Discount customer
CUS5588,0,Mainstream customer
CUS5589,0,Mainstream customer
CUS559,0,Mainstream customer
CUS5590,0,Mainstream customer
CUS5591,1,Discount customer
CUS5592,0,Mainstream customer
CUS5593,1,Discount customer
CUS5594,1,Discount customer
CUS5595,0,Mainstream customer
CUS5596,0,Mainstream customer
CUS5597,0,Mainstream customer
CUS5598,0,Mainstream customer
CUS5599,0,Mainstream customer
CUS56,0,Mainstream customer
CUS560,2,Premium Bremen Niche
CUS5600,0,Mainstream customer
CUS5601,0,Mainstream customer
CUS5602,0,Mainstream customer
CUS5603,0,Mainstream customer
CUS5604,0,Mainstream customer
CUS5605,0,Mainstream customer
CUS5606,0,Mainstream customer
CUS5607,0,Mainstream customer
CUS5608,0,Mainstream customer
CUS5609,0,Mainstream customer
CUS561,2,Premium Bremen Niche
CUS5610,0,Mainstream customer
CUS5611,1,Discount customer
CUS5612,0,Mainstream customer
CUS5613,1,Discount customer
CUS5614,1,Discount customer
CUS5615,0,Mainstream customer
CUS5616,0,Mainstream customer
CUS5617,0,Mainstream customer
CUS5618,0,Mainstream customer
CUS5619,0,Mainstream customer
CUS562,1,Discount customer
CUS5620,1,Discount customer
CUS5621,0,Mainstream customer
CUS5622,3,Urban Trendy Berlin
CUS5623,1,Discount customer
CUS5624,0,Mainstream customer
CUS5625,0,Mainstream customer
CUS5626,0,Mainstream customer
CUS5627,0,Mainstream customer
CUS5628,0,Mainstream customer
CUS5629,0,Mainstream customer
CUS563,3,Urban Trendy Berlin
CUS5630,1,Discount customer
CUS5631,1,Discount customer
CUS5632,3,Urban Trendy Berlin
CUS5633,1,Discount customer
CUS5634,0,Mainstream customer
CUS5635,1,Discount customer
CUS5636,1,Discount customer
CUS5637,0,Mainstream customer
CUS5638,0,Mainstream customer
CUS5639,0,Mainstream customer
CUS564,0,Mainstream customer
CUS5640,0,Mainstream customer
CUS5641,1,Discount customer
CUS5642,0,Mainstream customer
CUS5643,0,Mainstream customer
CUS5644,1,Discount customer
CUS5645,3,Urban Trendy Berlin
CUS5646,1,Discount customer
CUS5647,1,Discount customer
CUS5648,0,Mainstream customer
CUS5649,0,Mainstream customer
CUS565,1,Discount customer
CUS5650,0,Mainstream customer
CUS5651,0,Mainstream customer
CUS5652,3,Urban Trendy Berlin
CUS5653,1,Discount customer
CUS5654,0,Mainstream customer
CUS5655,0,Mainstream customer
CUS5656,0,Mainstream customer
CUS5657,1,Discount customer
CUS5658,1,Discount customer
CUS5659,1,Discount customer
CUS566,0,Mainstream customer
CUS5660,0,Mainstream customer
CUS5661,0,Mainstream customer
CUS5662,0,Mainstream customer
CUS5663,1,Discount customer
CUS5664,0,Mainstream customer
CUS5665,0,Mainstream customer
CUS5666,0,Mainstream customer
CUS5667,0,Mainstream customer
CUS5668,1,Discount customer
CUS5669,2,Premium Bremen Niche
CUS567,0,Mainstream customer
CUS5670,0,Mainstream customer
CUS5671,0,Mainstream customer
CUS5672,1,Discount customer
CUS5673,1,Discount customer
CUS5674,0,Mainstream customer
CUS5675,0,Mainstream customer
CUS5676,1,Discount customer
CUS5677,0,Mainstream customer
CUS5678,0,Mainstream customer
CUS5679,1,Discount customer
CUS568,1,Discount customer
CUS5680,1,Discount customer
CUS5681,0,Mainstream customer
CUS5682,0,Mainstream customer
CUS5683,0,Mainstream customer
CUS5684,0,Mainstream customer
CUS5685,0,Mainstream customer
CUS5686,0,Mainstream customer
CUS5687,3,Urban Trendy Berlin
CUS5688,2,Premium Bremen Niche
CUS5689,0,Mainstream customer
CUS569,0,Mainstream customer
CUS5690,0,Mainstream customer
CUS5691,1,Discount customer
CUS5692,0,Mainstream customer
CUS5693,0,Mainstream customer
CUS5694,1,Discount customer
CUS5695,0,Mainstream customer
CUS5696,0,Mainstream customer
CUS5697,0,Mainstream customer
CUS5698,1,Discount customer
CUS5699,0,Mainstream customer
CUS57,0,Mainstream customer
CUS570,0,Mainstream customer
CUS5700,1,Discount customer
CUS5701,1,Discount customer
CUS5702,1,Discount customer
CUS5703,0,Mainstream customer
CUS5704,0,Mainstream customer
CUS5705,1,Discount customer
CUS5706,0,Mainstream customer
CUS5707,0,Mainstream customer
CUS5708,0,Mainstream customer
CUS5709,1,Discount customer
CUS571,0,Mainstream customer
CUS5710,1,Discount customer
CUS5711,1,Discount customer
CUS5712,0,Mainstream customer
CUS5713,0,Mainstream customer
CUS5714,0,Mainstream customer
CUS5715,2,Premium Bremen Niche
CUS5716,0,Mainstream customer
CUS5717,0,Mainstream customer
CUS5718,1,Discount customer
CUS5719,0,Mainstream customer
CUS572,0,Mainstream customer
CUS5720,2,Premium Bremen Niche
CUS5721,0,Mainstream customer
CUS5722,1,Discount customer
CUS5723,0,Mainstream customer
CUS5724,0,Mainstream customer
CUS5725,1,Discount customer
CUS5726,0,Mainstream customer
CUS5727,1,Discount customer
CUS5728,0,Mainstream customer
CUS5729,1,Discount customer
CUS573,0,Mainstream customer
CUS5730,0,Mainstream customer
CUS5731,0,Mainstream customer
CUS5732,1,Discount customer
CUS5733,0,Mainstream customer
CUS5734,0,Mainstream customer
CUS5735,2,Premium Bremen Niche
CUS5736,0,Mainstream customer
CUS5737,1,Discount customer
CUS5738,0,Mainstream customer
CUS5739,0,Mainstream customer
CUS574,1,Discount customer
CUS5740,0,Mainstream customer
CUS5741,0,Mainstream customer
CUS5742,0,Mainstream customer
CUS5743,0,Mainstream customer
CUS5744,0,Mainstream customer
CUS5745,0,Mainstream customer
CUS5746,0,Mainstream customer
CUS5747,0,Mainstream customer
CUS5748,0,Mainstream customer
CUS5749,0,Mainstream customer
CUS575,0,Mainstream customer
CUS5750,3,Urban Trendy Berlin
CUS5751,2,Premium Bremen Niche
CUS5752,0,Mainstream customer
CUS5753,0,Mainstream customer
CUS5754,0,Mainstream customer
CUS5755,0,Mainstream customer
CUS5756,1,Discount customer
CUS5757,1,Discount customer
CUS5758,0,Mainstream customer
CUS5759,0,Mainstream customer
CUS576,0,Mainstream customer
CUS5760,1,Discount customer
CUS5761,0,Mainstream customer
CUS5762,1,Discount customer
CUS5763,0,Mainstream customer
CUS5764,1,Discount customer
CUS5765,1,Discount customer
CUS5766,1,Discount customer
CUS5767,2,Premium Bremen Niche
CUS5768,0,Mainstream customer
CUS5769,0,Mainstream customer
CUS577,1,Discount customer
CUS5770,0,Mainstream customer
CUS5771,2,Premium Bremen Niche
CUS5772,0,Mainstream customer
CUS5773,0,Mainstream customer
CUS5774,1,Discount customer
CUS5775,1,Discount customer
CUS5776,0,Mainstream customer
CUS5777,0,Mainstream customer
CUS5778,1,Discount customer
CUS5779,0,Mainstream customer
CUS578,1,Discount customer
CUS5780,1,Discount customer
CUS5781,0,Mainstream customer
CUS5782,1,Discount customer
CUS5783,0,Mainstream customer
CUS5784,0,Mainstream customer
CUS5785,0,Mainstream customer
CUS5786,1,Discount customer
CUS5787,1,Discount customer
CUS5788,1,Discount customer
CUS5789,0,Mainstream customer
CUS579,0,Mainstream customer
CUS5790,1,Discount customer
CUS5791,0,Mainstream customer
CUS5792,1,Discount customer
CUS5793,2,Premium Bremen Niche
CUS5794,0,Mainstream customer
CUS5795,0,Mainstream customer
CUS5796,0,Mainstream customer
CUS5797,0,Mainstream customer
CUS5798,0,Mainstream customer
CUS5799,0,Mainstream customer
CUS58,0,Mainstream customer
CUS580,1,Discount customer
CUS5800,3,Urban Trendy Berlin
CUS5801,1,Discount customer
CUS5802,1,Discount customer
CUS5803,1,Discount customer
CUS5804,0,Mainstream customer
CUS5805,1,Discount customer
CUS5806,0,Mainstream customer
CUS5807,3,Urban Trendy Berlin
CUS5808,1,Discount customer
CUS5809,1,Discount customer
CUS581,1,Discount customer
CUS5810,0,Mainstream customer
CUS5811,0,Mainstream customer
CUS5812,1,Discount customer
CUS5813,1,Discount customer
CUS5814,0,Mainstream customer
CUS5815,0,Mainstream customer
CUS5816,0,Mainstream customer
CUS5817,1,Discount customer
CUS5818,0,Mainstream customer
CUS5819,1,Discount customer
CUS582,0,Mainstream customer
CUS5820,0,Mainstream customer
CUS5821,0,Mainstream customer
CUS5822,0,Mainstream customer
CUS5823,1,Discount customer
CUS5824,0,Mainstream customer
CUS5825,0,Mainstream customer
CUS5826,0,Mainstream customer
CUS5827,3,Urban Trendy Berlin
CUS5828,0,Mainstream customer
CUS5829,1,Discount customer
CUS583,0,Mainstream customer
CUS5830,0,Mainstream customer
CUS5831,0,Mainstream customer
CUS5832,1,Discount customer
CUS5833,1,Discount customer
CUS5834,0,Mainstream customer
CUS5835,0,Mainstream customer
CUS5836,3,Urban Trendy Berlin
CUS5837,0,Mainstream customer
CUS5838,0,Mainstream customer
CUS5839,1,Discount customer
CUS584,1,Discount customer
CUS5840,0,Mainstream customer
CUS5841,0,Mainstream customer
CUS5842,0,Mainstream customer
CUS5843,0,Mainstream customer
CUS5844,0,Mainstream customer
CUS5845,0,Mainstream customer
CUS5846,0,Mainstream customer
CUS5847,1,Discount customer
CUS5848,0,Mainstream customer
CUS5849,0,Mainstream customer
CUS585,0,Mainstream customer
CUS5850,0,Mainstream customer
CUS5851,1,Discount customer
CUS5852,0,Mainstream customer
CUS5853,1,Discount customer
CUS5854,0,Mainstream customer
CUS5855,1,Discount customer
CUS5856,0,Mainstream customer
CUS5857,0,Mainstream customer
CUS5858,0,Mainstream customer
CUS5859,0,Mainstream customer
CUS586,1,Discount customer
CUS5860,1,Discount customer
CUS5861,0,Mainstream customer
CUS5862,1,Discount customer
CUS5863,0,Mainstream customer
CUS5864,0,Mainstream customer
CUS5865,0,Mainstream customer
CUS5866,0,Mainstream customer
CUS5867,0,Mainstream customer
CUS5868,0,Mainstream customer
CUS5869,0,Mainstream customer
CUS587,1,Discount customer
CUS5870,0,Mainstream customer
CUS5871,0,Mainstream customer
CUS5872,0,Mainstream customer
CUS5873,0,Mainstream customer
CUS5874,1,Discount customer
CUS5875,1,Discount customer
CUS5876,1,Discount customer
CUS5877,0,Mainstream customer
CUS5878,0,Mainstream customer
CUS5879,0,Mainstream customer
CUS588,0,Mainstream customer
CUS5880,0,Mainstream customer
CUS5881,0,Mainstream customer
CUS5882,0,Mainstream customer
CUS5883,0,Mainstream customer
CUS5884,0,Mainstream customer
CUS5885,1,Discount customer
CUS5886,0,Mainstream customer
CUS5887,0,Mainstream customer
CUS5888,0,Mainstream customer
CUS5889,0,Mainstream customer
CUS589,2,Premium Bremen Niche
CUS5890,1,Discount customer
CUS5891,0,Mainstream customer
CUS5892,1,Discount customer
CUS5893,0,Mainstream customer
CUS5894,0,Mainstream customer
CUS5895,0,Mainstream customer
CUS5896,0,Mainstream customer
CUS5897,0,Mainstream customer
CUS5898,0,Mainstream customer
CUS5899,0,Mainstream customer
CUS59,0,Mainstream customer
CUS590,1,Discount customer
CUS5900,3,Urban Trendy Berlin
CUS5901,1,Discount customer
CUS5902,1,Discount customer
CUS5903,1,Discount customer
CUS5904,1,Discount customer
CUS5905,0,Mainstream customer
CUS5906,1,Discount customer
CUS5907,0,Mainstream customer
CUS5908,0,Mainstream customer
CUS5909,0,Mainstream customer
CUS591,1,Discount customer
CUS5910,1,Discount customer
CUS5911,0,Mainstream customer
CUS5912,0,Mainstream customer
CUS5913,0,Mainstream customer
CUS5914,1,Discount customer
CUS5915,1,Discount customer
CUS5916,0,Mainstream customer
CUS5917,0,Mainstream customer
CUS5918,0,Mainstream customer
CUS5919,0,Mainstream customer
CUS592,1,Discount customer
CUS5920,1,Discount customer
CUS5921,0,Mainstream customer
CUS5922,0,Mainstream customer
CUS5923,0,Mainstream customer
CUS5924,0,Mainstream customer
CUS5925,0,Mainstream customer
CUS5926,0,Mainstream customer
CUS5927,0,Mainstream customer
CUS5928,0,Mainstream customer
CUS5929,0,Mainstream customer
CUS593,1,Discount customer
CUS5930,0,Mainstream customer
CUS5931,0,Mainstream customer
CUS5932,1,Discount customer
CUS5933,0,Mainstream customer
CUS5934,1,Discount customer
CUS5935,0,Mainstream customer
CUS5936,0,Mainstream customer
CUS5937,0,Mainstream customer
CUS5938,0,Mainstream customer
CUS5939,1,Discount customer
CUS594,1,Discount customer
CUS5940,0,Mainstream customer
CUS5941,0,Mainstream customer
CUS5942,1,Discount customer
CUS5943,1,Discount customer
CUS5944,0,Mainstream customer
CUS5945,0,Mainstream customer
CUS5946,0,Mainstream customer
CUS5947,0,Mainstream customer
CUS5948,0,Mainstream customer
CUS5949,0,Mainstream customer
CUS595,3,Urban Trendy Berlin
CUS5950,0,Mainstream customer
CUS5951,0,Mainstream customer
CUS5952,1,Discount customer
CUS5953,0,Mainstream customer
CUS5954,0,Mainstream customer
CUS5955,0,Mainstream customer
CUS5956,0,Mainstream customer
CUS5957,0,Mainstream customer
CUS5958,1,Discount customer
CUS5959,0,Mainstream customer
CUS596,0,Mainstream customer
CUS5960,0,Mainstream customer
CUS5961,0,Mainstream customer
CUS5962,3,Urban Trendy Berlin
CUS5963,0,Mainstream customer
CUS5964,0,Mainstream customer
CUS5965,0,Mainstream customer
CUS5966,0,Mainstream customer
CUS5967,0,Mainstream customer
CUS5968,1,Discount customer
CUS5969,0,Mainstream customer
CUS597,0,Mainstream customer
CUS5970,0,Mainstream customer
CUS5971,1,Discount customer
CUS5972,0,Mainstream customer
CUS5973,0,Mainstream customer
CUS5974,0,Mainstream customer
CUS5975,1,Discount customer
CUS5976,2,Premium Bremen Niche
CUS5977,0,Mainstream customer
CUS5978,0,Mainstream customer
CUS5979,0,Mainstream customer
CUS598,1,Discount customer
CUS5980,1,Discount customer
CUS5981,2,Premium Bremen Niche
CUS5982,0,Mainstream customer
CUS5983,0,Mainstream customer
CUS5984,0,Mainstream customer
CUS5985,1,Discount customer
CUS5986,1,Discount customer
CUS5987,0,Mainstream customer
CUS5988,1,Discount customer
CUS5989,0,Mainstream customer
CUS599,1,Discount customer
CUS5990,0,Mainstream customer
CUS5991,0,Mainstream customer
CUS5992,0,Mainstream customer
CUS5993,0,Mainstream customer
CUS5994,1,Discount customer
CUS5995,1,Discount customer
CUS5996,0,Mainstream customer
CUS5997,0,Mainstream customer
CUS5998,0,Mainstream customer
CUS5999,1,Discount customer
CUS6,1,Discount customer
CUS60,0,Mainstream customer
CUS600,0,Mainstream customer
CUS6000,0,Mainstream customer
CUS6001,0,Mainstream customer
CUS6002,0,Mainstream customer
CUS6003,1,Discount customer
CUS6004,0,Mainstream customer
CUS6005,0,Mainstream customer
CUS6006,1,Discount customer
CUS6007,1,Discount customer
CUS6008,0,Mainstream customer
CUS6009,1,Discount customer
CUS601,1,Discount customer
CUS6010,0,Mainstream customer
CUS6011,1,Discount customer
CUS6012,0,Mainstream customer
CUS6013,0,Mainstream customer
CUS6014,1,Discount customer
CUS6015,1,Discount customer
CUS6016,1,Discount customer
CUS6017,0,Mainstream customer
CUS6018,0,Mainstream customer
CUS6019,1,Discount customer
CUS602,0,Mainstream customer
CUS6020,0,Mainstream customer
CUS6021,0,Mainstream customer
CUS6022,0,Mainstream customer
CUS6023,0,Mainstream customer
CUS6024,1,Discount customer
CUS6025,2,Premium Bremen Niche
CUS6026,1,Discount customer
CUS6027,1,Discount customer
CUS6028,0,Mainstream customer
CUS6029,0,Mainstream customer
CUS603,1,Discount customer
CUS6030,1,Discount customer
CUS6031,0,Mainstream customer
CUS6032,0,Mainstream customer
CUS6033,0,Mainstream customer
CUS6034,0,Mainstream customer
CUS6035,0,Mainstream customer
CUS6036,0,Mainstream customer
CUS6037,0,Mainstream customer
CUS6038,1,Discount customer
CUS6039,0,Mainstream customer
CUS604,1,Discount customer
CUS6040,0,Mainstream customer
CUS6041,1,Discount customer
CUS6042,0,Mainstream customer
CUS6043,0,Mainstream customer
CUS6044,1,Discount customer
CUS6045,1,Discount customer
CUS6046,0,Mainstream customer
CUS6047,0,Mainstream customer
CUS6048,1,Discount customer
CUS6049,0,Mainstream customer
CUS605,0,Mainstream customer
CUS6050,1,Discount customer
CUS6051,0,Mainstream customer
CUS6052,0,Mainstream customer
CUS6053,0,Mainstream customer
CUS6054,0,Mainstream customer
CUS6055,0,Mainstream customer
CUS6056,0,Mainstream customer
CUS6057,0,Mainstream customer
CUS6058,0,Mainstream customer
CUS6059,0,Mainstream customer
CUS606,1,Discount customer
CUS6060,1,Discount customer
CUS6061,0,Mainstream customer
CUS6062,0,Mainstream customer
CUS6063,0,Mainstream customer
CUS6064,0,Mainstream customer
CUS6065,0,Mainstream customer
CUS6066,0,Mainstream customer
CUS6067,0,Mainstream customer
CUS6068,0,Mainstream customer
CUS6069,1,Discount customer
CUS607,0,Mainstream customer
CUS6070,0,Mainstream customer
CUS6071,0,Mainstream customer
CUS6072,0,Mainstream customer
CUS6073,0,Mainstream customer
CUS6074,1,Discount customer
CUS6075,0,Mainstream customer
CUS6076,1,Discount customer
CUS6077,0,Mainstream customer
CUS6078,0,Mainstream customer
CUS6079,1,Discount customer
CUS608,0,Mainstream customer
CUS6080,1,Discount customer
CUS6081,0,Mainstream customer
CUS6082,1,Discount customer
CUS6083,0,Mainstream customer
CUS6084,0,Mainstream customer
CUS6085,0,Mainstream customer
CUS6086,0,Mainstream customer
CUS6087,0,Mainstream customer
CUS6088,2,Premium Bremen Niche
CUS6089,0,Mainstream customer
CUS609,0,Mainstream customer
CUS6090,0,Mainstream customer
CUS6091,0,Mainstream customer
CUS6092,0,Mainstream customer
CUS6093,1,Discount customer
CUS6094,0,Mainstream customer
CUS6095,0,Mainstream customer
CUS6096,0,Mainstream customer
CUS6097,2,Premium Bremen Niche
CUS6098,1,Discount customer
CUS6099,0,Mainstream customer
CUS61,0,Mainstream customer
CUS610,0,Mainstream customer
CUS6100,1,Discount customer
CUS6101,0,Mainstream customer
CUS6102,0,Mainstream customer
CUS6103,0,Mainstream customer
CUS6104,3,Urban Trendy Berlin
CUS6105,0,Mainstream customer
CUS6106,0,Mainstream customer
CUS6107,1,Discount customer
CUS6108,1,Discount customer
CUS6109,0,Mainstream customer
CUS611,1,Discount customer
CUS6110,1,Discount customer
CUS6111,0,Mainstream customer
CUS6112,0,Mainstream customer
CUS6113,0,Mainstream customer
CUS6114,0,Mainstream customer
CUS6115,1,Discount customer
CUS6116,1,Discount customer
CUS6117,0,Mainstream customer
CUS6118,0,Mainstream customer
CUS6119,1,Discount customer
CUS612,1,Discount customer
CUS6120,3,Urban Trendy Berlin
CUS6121,0,Mainstream customer
CUS6122,0,Mainstream customer
CUS6123,0,Mainstream customer
CUS6124,1,Discount customer
CUS6125,0,Mainstream customer
CUS6126,0,Mainstream customer
CUS6127,0,Mainstream customer
CUS6128,0,Mainstream customer
CUS6129,0,Mainstream customer
CUS613,0,Mainstream customer
CUS6130,0,Mainstream customer
CUS6131,0,Mainstream customer
CUS6132,0,Mainstream customer
CUS6133,0,Mainstream customer
CUS6134,0,Mainstream customer
CUS6135,0,Mainstream customer
CUS6136,0,Mainstream customer
CUS6137,0,Mainstream customer
CUS6138,1,Discount customer
CUS6139,1,Discount customer
CUS614,0,Mainstream customer
CUS6140,0,Mainstream customer
CUS6141,0,Mainstream customer
CUS6142,0,Mainstream customer
CUS6143,0,Mainstream customer
CUS6144,1,Discount customer
CUS6145,1,Discount customer
CUS6146,1,Discount customer
CUS6147,0,Mainstream customer
CUS6148,3,Urban Trendy Berlin
CUS6149,1,Discount customer
CUS615,0,Mainstream customer
CUS6150,1,Discount customer
CUS6151,0,Mainstream customer
CUS6152,1,Discount customer
CUS6153,3,Urban Trendy Berlin
CUS6154,2,Premium Bremen Niche
CUS6155,0,Mainstream customer
CUS6156,1,Discount customer
CUS6157,0,Mainstream customer
CUS6158,0,Mainstream customer
CUS6159,1,Discount customer
CUS616,1,Discount customer
CUS6160,0,Mainstream customer
CUS6161,1,Discount customer
CUS6162,1,Discount customer
CUS6163,0,Mainstream customer
CUS6164,0,Mainstream customer
CUS6165,1,Discount customer
CUS6166,1,Discount customer
CUS6167,0,Mainstream customer
CUS6168,3,Urban Trendy Berlin
CUS6169,0,Mainstream customer
CUS617,0,Mainstream customer
CUS6170,0,Mainstream customer
CUS6171,0,Mainstream customer
CUS6172,1,Discount customer
CUS6173,0,Mainstream customer
CUS6174,1,Discount customer
CUS6175,0,Mainstream customer
CUS6176,3,Urban Trendy Berlin
CUS6177,0,Mainstream customer
CUS6178,1,Discount customer
CUS6179,1,Discount customer
CUS618,0,Mainstream customer
CUS6180,3,Urban Trendy Berlin
CUS6181,0,Mainstream customer
CUS6182,3,Urban Trendy Berlin
CUS6183,0,Mainstream customer
CUS6184,1,Discount customer
CUS6185,0,Mainstream customer
CUS6186,1,Discount customer
CUS6187,0,Mainstream customer
CUS6188,0,Mainstream customer
CUS6189,1,Discount customer
CUS619,3,Urban Trendy Berlin
CUS6190,0,Mainstream customer
CUS6191,3,Urban Trendy Berlin
CUS6192,2,Premium Bremen Niche
CUS6193,0,Mainstream customer
CUS6194,0,Mainstream customer
CUS6195,0,Mainstream customer
CUS6196,1,Discount customer
CUS6197,0,Mainstream customer
CUS6198,1,Discount customer
CUS6199,0,Mainstream customer
CUS62,0,Mainstream customer
CUS620,1,Discount customer
CUS6200,1,Discount customer
CUS6201,2,Premium Bremen Niche
CUS6202,1,Discount customer
CUS6203,0,Mainstream customer
CUS6204,0,Mainstream customer
CUS6205,1,Discount customer
CUS6206,0,Mainstream customer
CUS6207,0,Mainstream customer
CUS6208,0,Mainstream customer
CUS6209,2,Premium Bremen Niche
CUS621,0,Mainstream customer
CUS6210,0,Mainstream customer
CUS6211,1,Discount customer
CUS6212,0,Mainstream customer
CUS6213,0,Mainstream customer
CUS6214,1,Discount customer
CUS6215,0,Mainstream customer
CUS6216,0,Mainstream customer
CUS6217,0,Mainstream customer
CUS6218,1,Discount customer
CUS6219,0,Mainstream customer
CUS622,0,Mainstream customer
CUS6220,0,Mainstream customer
CUS6221,0,Mainstream customer
CUS6222,0,Mainstream customer
CUS6223,0,Mainstream customer
CUS6224,0,Mainstream customer
CUS6225,0,Mainstream customer
CUS6226,1,Discount customer
CUS6227,0,Mainstream customer
CUS6228,0,Mainstream customer
CUS6229,0,Mainstream customer
CUS623,1,Discount customer
CUS6230,0,Mainstream customer
CUS6231,0,Mainstream customer
CUS6232,0,Mainstream customer
CUS6233,0,Mainstream customer
CUS6234,0,Mainstream customer
CUS6235,0,Mainstream customer
CUS6236,0,Mainstream customer
CUS6237,0,Mainstream customer
CUS6238,0,Mainstream customer
CUS6239,1,Discount customer
CUS624,1,Discount customer
CUS6240,1,Discount customer
CUS6241,0,Mainstream customer
CUS6242,0,Mainstream customer
CUS6243,1,Discount customer
CUS6244,1,Discount customer
CUS6245,0,Mainstream customer
CUS6246,1,Discount customer
CUS6247,0,Mainstream customer
CUS6248,0,Mainstream customer
CUS6249,0,Mainstream customer
CUS625,0,Mainstream customer
CUS6250,0,Mainstream customer
CUS6251,0,Mainstream customer
CUS6252,0,Mainstream customer
CUS6253,3,Urban Trendy Berlin
CUS6254,0,Mainstream customer
CUS6255,0,Mainstream customer
CUS6256,0,Mainstream customer
CUS6257,0,Mainstream customer
CUS6258,0,Mainstream customer
CUS6259,0,Mainstream customer
CUS626,0,Mainstream customer
CUS6260,1,Discount customer
CUS6261,0,Mainstream customer
CUS6262,0,Mainstream customer
CUS6263,1,Discount customer
CUS6264,0,Mainstream customer
CUS6265,1,Discount customer
CUS6266,0,Mainstream customer
CUS6267,1,Discount customer
CUS6268,1,Discount customer
CUS6269,0,Mainstream customer
CUS627,0,Mainstream customer
CUS6270,1,Discount customer
CUS6271,0,Mainstream customer
CUS6272,1,Discount customer
CUS6273,0,Mainstream customer
CUS6274,1,Discount customer
CUS6275,0,Mainstream customer
CUS6276,0,Mainstream customer
CUS6277,1,Discount customer
CUS6278,0,Mainstream customer
CUS6279,1,Discount customer
CUS628,1,Discount customer
CUS6280,0,Mainstream customer
CUS6281,0,Mainstream customer
CUS6282,0,Mainstream customer
CUS6283,0,Mainstream customer
CUS6284,1,Discount customer
CUS6285,1,Discount customer
CUS6286,1,Discount customer
CUS6287,1,Discount customer
CUS6288,0,Mainstream customer
CUS6289,1,Discount customer
CUS629,3,Urban Trendy Berlin
CUS6290,1,Discount customer
CUS6291,0,Mainstream customer
CUS6292,0,Mainstream customer
CUS6293,0,Mainstream customer
CUS6294,0,Mainstream customer
CUS6295,1,Discount customer
CUS6296,0,Mainstream customer
CUS6297,3,Urban Trendy Berlin
CUS6298,0,Mainstream customer
CUS6299,0,Mainstream customer
CUS63,1,Discount customer
CUS630,0,Mainstream customer
CUS6300,0,Mainstream customer
CUS6301,0,Mainstream customer
CUS6302,0,Mainstream customer
CUS6303,0,Mainstream customer
CUS6304,0,Mainstream customer
CUS6305,0,Mainstream customer
CUS6306,0,Mainstream customer
CUS6307,0,Mainstream customer
CUS6308,1,Discount customer
CUS6309,0,Mainstream customer
CUS631,1,Discount customer
CUS6310,0,Mainstream customer
CUS6311,0,Mainstream customer
CUS6312,1,Discount customer
CUS6313,0,Mainstream customer
CUS6314,0,Mainstream customer
CUS6315,3,Urban Trendy Berlin
CUS6316,1,Discount customer
CUS6317,1,Discount customer
CUS6318,0,Mainstream customer
CUS6319,0,Mainstream customer
CUS632,0,Mainstream customer
CUS6320,3,Urban Trendy Berlin
CUS6321,0,Mainstream customer
CUS6322,0,Mainstream customer
CUS6323,0,Mainstream customer
CUS6324,0,Mainstream customer
CUS6325,1,Discount customer
CUS6326,0,Mainstream customer
CUS6327,0,Mainstream customer
CUS6328,0,Mainstream customer
CUS6329,0,Mainstream customer
CUS633,0,Mainstream customer
CUS6330,1,Discount customer
CUS6331,1,Discount customer
CUS6332,0,Mainstream customer
CUS6333,0,Mainstream customer
CUS6334,0,Mainstream customer
CUS6335,0,Mainstream customer
CUS6336,1,Discount customer
CUS6337,0,Mainstream customer
CUS6338,1,Discount customer
CUS6339,0,Mainstream customer
CUS634,0,Mainstream customer
CUS6340,0,Mainstream customer
CUS6341,0,Mainstream customer
CUS6342,0,Mainstream customer
CUS6343,0,Mainstream customer
CUS6344,1,Discount customer
CUS6345,0,Mainstream customer
CUS6346,0,Mainstream customer
CUS6347,0,Mainstream customer
CUS6348,1,Discount customer
CUS6349,0,Mainstream customer
CUS635,0,Mainstream customer
CUS6350,0,Mainstream customer
CUS6351,0,Mainstream customer
CUS6352,0,Mainstream customer
CUS6353,0,Mainstream customer
CUS6354,0,Mainstream customer
CUS6355,0,Mainstream customer
CUS6356,0,Mainstream customer
CUS6357,1,Discount customer
CUS6358,0,Mainstream customer
CUS6359,0,Mainstream customer
CUS636,1,Discount customer
CUS6360,0,Mainstream customer
CUS6361,1,Discount customer
CUS6362,0,Mainstream customer
CUS6363,0,Mainstream customer
CUS6364,0,Mainstream customer
CUS6365,0,Mainstream customer
CUS6366,1,Discount customer
CUS6367,0,Mainstream customer
CUS6368,1,Discount customer
CUS6369,1,Discount customer
CUS637,1,Discount customer
CUS6370,1,Discount customer
CUS6371,0,Mainstream customer
CUS6372,3,Urban Trendy Berlin
CUS6373,1,Discount customer
CUS6374,1,Discount customer
CUS6375,1,Discount customer
CUS6376,0,Mainstream customer
CUS6377,0,Mainstream customer
CUS6378,0,Mainstream customer
CUS6379,1,Discount customer
CUS638,0,Mainstream customer
CUS6380,1,Discount customer
CUS6381,0,Mainstream customer
CUS6382,0,Mainstream customer
CUS6383,0,Mainstream customer
CUS6384,0,Mainstream customer
CUS6385,0,Mainstream customer
CUS6386,0,Mainstream customer
CUS6387,1,Discount customer
CUS6388,0,Mainstream customer
CUS6389,0,Mainstream customer
CUS639,1,Discount customer
CUS6390,0,Mainstream customer
CUS6391,0,Mainstream customer
CUS6392,2,Premium Bremen Niche
CUS6393,1,Discount customer
CUS6394,0,Mainstream customer
CUS6395,0,Mainstream customer
CUS6396,0,Mainstream customer
CUS6397,1,Discount customer
CUS6398,0,Mainstream customer
CUS6399,1,Discount customer
CUS64,0,Mainstream customer
CUS640,0,Mainstream customer
CUS6400,1,Discount customer
CUS6401,0,Mainstream customer
CUS6402,0,Mainstream customer
CUS6403,1,Discount customer
CUS6404,0,Mainstream customer
CUS6405,0,Mainstream customer
CUS6406,0,Mainstream customer
CUS6407,0,Mainstream customer
CUS6408,0,Mainstream customer
CUS6409,0,Mainstream customer
CUS641,0,Mainstream customer
CUS6410,0,Mainstream customer
CUS6411,0,Mainstream customer
CUS6412,1,Discount customer
CUS6413,3,Urban Trendy Berlin
CUS6414,0,Mainstream customer
CUS6415,0,Mainstream customer
CUS6416,0,Mainstream customer
CUS6417,0,Mainstream customer
CUS6418,0,Mainstream customer
CUS6419,1,Discount customer
CUS642,0,Mainstream customer
CUS6420,0,Mainstream customer
CUS6421,0,Mainstream customer
CUS6422,0,Mainstream customer
CUS6423,0,Mainstream customer
CUS6424,1,Discount customer
CUS6425,0,Mainstream customer
CUS6426,0,Mainstream customer
CUS6427,0,Mainstream customer
CUS6428,1,Discount customer
CUS6429,1,Discount customer
CUS643,0,Mainstream customer
CUS6430,1,Discount customer
CUS6431,1,Discount customer
CUS6432,0,Mainstream customer
CUS6433,1,Discount customer
CUS6434,1,Discount customer
CUS6435,0,Mainstream customer
CUS6436,0,Mainstream customer
CUS6437,1,Discount customer
CUS6438,1,Discount customer
CUS6439,0,Mainstream customer
CUS644,1,Discount customer
CUS6440,0,Mainstream customer
CUS6441,0,Mainstream customer
CUS6442,1,Discount customer
CUS6443,1,Discount customer
CUS6444,0,Mainstream customer
CUS6445,0,Mainstream customer
CUS6446,0,Mainstream customer
CUS6447,0,Mainstream customer
CUS6448,0,Mainstream customer
CUS6449,1,Discount customer
CUS645,2,Premium Bremen Niche
CUS6450,0,Mainstream customer
CUS6451,1,Discount customer
CUS6452,0,Mainstream customer
CUS6453,0,Mainstream customer
CUS6454,0,Mainstream customer
CUS6455,0,Mainstream customer
CUS6456,0,Mainstream customer
CUS6457,0,Mainstream customer
CUS6458,0,Mainstream customer
CUS6459,0,Mainstream customer
CUS646,0,Mainstream customer
CUS6460,0,Mainstream customer
CUS6461,0,Mainstream customer
CUS6462,0,Mainstream customer
CUS6463,0,Mainstream customer
CUS6464,0,Mainstream customer
CUS6465,0,Mainstream customer
CUS6466,0,Mainstream customer
CUS6467,1,Discount customer
CUS6468,0,Mainstream customer
CUS6469,1,Discount customer
CUS647,0,Mainstream customer
CUS6470,0,Mainstream customer
CUS6471,0,Mainstream customer
CUS6472,0,Mainstream customer
CUS6473,0,Mainstream customer
CUS6474,0,Mainstream customer
CUS6475,1,Discount customer
CUS6476,0,Mainstream customer
CUS6477,1,Discount customer
CUS6478,0,Mainstream customer
CUS6479,1,Discount customer
CUS648,0,Mainstream customer
CUS6480,0,Mainstream customer
CUS6481,0,Mainstream customer
CUS6482,1,Discount customer
CUS6483,0,Mainstream customer
CUS6484,3,Urban Trendy Berlin
CUS6485,0,Mainstream customer
CUS6486,0,Mainstream customer
CUS6487,0,Mainstream customer
CUS6488,1,Discount customer
CUS6489,0,Mainstream customer
CUS649,1,Discount customer
CUS6490,0,Mainstream customer
CUS6491,0,Mainstream customer
CUS6492,1,Discount customer
CUS6493,0,Mainstream customer
CUS6494,1,Discount customer
CUS6495,0,Mainstream customer
CUS6496,0,Mainstream customer
CUS6497,0,Mainstream customer
CUS6498,0,Mainstream customer
CUS6499,1,Discount customer
CUS65,0,Mainstream customer
CUS650,0,Mainstream customer
CUS6500,0,Mainstream customer
CUS6501,0,Mainstream customer
CUS6502,0,Mainstream customer
CUS6503,1,Discount customer
CUS6504,0,Mainstream customer
CUS6505,2,Premium Bremen Niche
CUS6506,1,Discount customer
CUS6507,0,Mainstream customer
CUS6508,0,Mainstream customer
CUS6509,0,Mainstream customer
CUS651,2,Premium Bremen Niche
CUS6510,1,Discount customer
CUS6511,1,Discount customer
CUS6512,0,Mainstream customer
CUS6513,0,Mainstream customer
CUS6514,1,Discount customer
CUS6515,1,Discount customer
CUS6516,1,Discount customer
CUS6517,1,Discount customer
CUS6518,0,Mainstream customer
CUS6519,0,Mainstream customer
CUS652,0,Mainstream customer
CUS6520,0,Mainstream customer
CUS6521,0,Mainstream customer
CUS6522,1,Discount customer
CUS6523,0,Mainstream customer
CUS6524,0,Mainstream customer
CUS6525,1,Discount customer
CUS6526,0,Mainstream customer
CUS6527,0,Mainstream customer
CUS6528,0,Mainstream customer
CUS6529,0,Mainstream customer
CUS653,0,Mainstream customer
CUS6530,0,Mainstream customer
CUS6531,1,Discount customer
CUS6532,1,Discount customer
CUS6533,0,Mainstream customer
CUS6534,0,Mainstream customer
CUS6535,1,Discount customer
CUS6536,0,Mainstream customer
CUS6537,0,Mainstream customer
CUS6538,1,Discount customer
CUS6539,0,Mainstream customer
CUS654,0,Mainstream customer
CUS6540,2,Premium Bremen Niche
CUS6541,0,Mainstream customer
CUS6542,0,Mainstream customer
CUS6543,0,Mainstream customer
CUS6544,0,Mainstream customer
CUS6545,1,Discount customer
CUS6546,1,Discount customer
CUS6547,0,Mainstream customer
CUS6548,0,Mainstream customer
CUS6549,0,Mainstream customer
CUS655,1,Discount customer
CUS6550,0,Mainstream customer
CUS6551,1,Discount customer
CUS6552,0,Mainstream customer
CUS6553,0,Mainstream customer
CUS6554,0,Mainstream customer
CUS6555,0,Mainstream customer
CUS6556,1,Discount customer
CUS6557,0,Mainstream customer
CUS6558,2,Premium Bremen Niche
CUS6559,0,Mainstream customer
CUS656,0,Mainstream customer
CUS6560,0,Mainstream customer
CUS6561,0,Mainstream customer
CUS6562,0,Mainstream customer
CUS6563,1,Discount customer
CUS6564,0,Mainstream customer
CUS6565,1,Discount customer
CUS6566,1,Discount customer
CUS6567,0,Mainstream customer
CUS6568,1,Discount customer
CUS6569,0,Mainstream customer
CUS657,1,Discount customer
CUS6570,0,Mainstream customer
CUS6571,0,Mainstream customer
CUS6572,0,Mainstream customer
CUS6573,1,Discount customer
CUS6574,1,Discount customer
CUS6575,0,Mainstream customer
CUS6576,0,Mainstream customer
CUS6577,0,Mainstream customer
CUS6578,0,Mainstream customer
CUS6579,1,Discount customer
CUS658,0,Mainstream customer
CUS6580,2,Premium Bremen Niche
CUS6581,0,Mainstream customer
CUS6582,0,Mainstream customer
CUS6583,1,Discount customer
CUS6584,1,Discount customer
CUS6585,1,Discount customer
CUS6586,0,Mainstream customer
CUS6587,1,Discount customer
CUS6588,1,Discount customer
CUS6589,1,Discount customer
CUS659,0,Mainstream customer
CUS6590,1,Discount customer
CUS6591,0,Mainstream customer
CUS6592,0,Mainstream customer
CUS6593,0,Mainstream customer
CUS6594,3,Urban Trendy Berlin
CUS6595,1,Discount customer
CUS6596,0,Mainstream customer
CUS6597,0,Mainstream customer
CUS6598,0,Mainstream customer
CUS6599,3,Urban Trendy Berlin
CUS66,1,Discount customer
CUS660,0,Mainstream customer
CUS6600,0,Mainstream customer
CUS6601,0,Mainstream customer
CUS6602,1,Discount customer
CUS6603,0,Mainstream customer
CUS6604,3,Urban Trendy Berlin
CUS6605,0,Mainstream customer
CUS6606,0,Mainstream customer
CUS6607,1,Discount customer
CUS6608,0,Mainstream customer
CUS6609,0,Mainstream customer
CUS661,0,Mainstream customer
CUS6610,1,Discount customer
CUS6611,0,Mainstream customer
CUS6612,2,Premium Bremen Niche
CUS6613,0,Mainstream customer
CUS6614,0,Mainstream customer
CUS6615,0,Mainstream customer
CUS6616,1,Discount customer
CUS6617,0,Mainstream customer
CUS6618,0,Mainstream customer
CUS6619,0,Mainstream customer
CUS662,0,Mainstream customer
CUS6620,1,Discount customer
CUS6621,0,Mainstream customer
CUS6622,1,Discount customer
CUS6623,0,Mainstream customer
CUS6624,0,Mainstream customer
CUS6625,1,Discount customer
CUS6626,2,Premium Bremen Niche
CUS6627,0,Mainstream customer
CUS6628,1,Discount customer
CUS6629,0,Mainstream customer
CUS663,0,Mainstream customer
CUS6630,0,Mainstream customer
CUS6631,0,Mainstream customer
CUS6632,0,Mainstream customer
CUS6633,0,Mainstream customer
CUS6634,0,Mainstream customer
CUS6635,0,Mainstream customer
CUS6636,0,Mainstream customer
CUS6637,1,Discount customer
CUS6638,0,Mainstream customer
CUS6639,0,Mainstream customer
CUS664,1,Discount customer
CUS6640,1,Discount customer
CUS6641,0,Mainstream customer
CUS6642,0,Mainstream customer
CUS6643,0,Mainstream customer
CUS6644,0,Mainstream customer
CUS6645,1,Discount customer
CUS6646,0,Mainstream customer
CUS6647,0,Mainstream customer
CUS6648,0,Mainstream customer
CUS6649,0,Mainstream customer
CUS665,1,Discount customer
CUS6650,0,Mainstream customer
CUS6651,2,Premium Bremen Niche
CUS6652,0,Mainstream customer
CUS6653,0,Mainstream customer
CUS6654,1,Discount customer
CUS6655,1,Discount customer
CUS6656,1,Discount customer
CUS6657,1,Discount customer
CUS6658,0,Mainstream customer
CUS6659,0,Mainstream customer
CUS666,0,Mainstream customer
CUS6660,0,Mainstream customer
CUS6661,1,Discount customer
CUS6662,0,Mainstream customer
CUS6663,1,Discount customer
CUS6664,1,Discount customer
CUS6665,0,Mainstream customer
CUS6666,0,Mainstream customer
CUS6667,1,Discount customer
CUS6668,1,Discount customer
CUS6669,0,Mainstream customer
CUS667,1,Discount customer
CUS6670,0,Mainstream customer
CUS6671,1,Discount customer
CUS6672,1,Discount customer
CUS6673,0,Mainstream customer
CUS6674,0,Mainstream customer
CUS6675,1,Discount customer
CUS6676,1,Discount customer
CUS6677,0,Mainstream customer
CUS6678,1,Discount customer
CUS6679,0,Mainstream customer
CUS668,3,Urban Trendy Berlin
CUS6680,0,Mainstream customer
CUS6681,2,Premium Bremen Niche
CUS6682,0,Mainstream customer
CUS6683,0,Mainstream customer
CUS6684,1,Discount customer
CUS6685,1,Discount customer
CUS6686,0,Mainstream customer
CUS6687,0,Mainstream customer
CUS6688,0,Mainstream customer
CUS6689,0,Mainstream customer
CUS669,0,Mainstream customer
CUS6690,0,Mainstream customer
CUS6691,0,Mainstream customer
CUS6692,0,Mainstream customer
CUS6693,0,Mainstream customer
CUS6694,0,Mainstream customer
CUS6695,0,Mainstream customer
CUS6696,1,Discount customer
CUS6697,0,Mainstream customer
CUS6698,0,Mainstream customer
CUS6699,0,Mainstream customer
CUS67,0,Mainstream customer
CUS670,1,Discount customer
CUS6700,1,Discount customer
CUS6701,0,Mainstream customer
CUS6702,1,Discount customer
CUS6703,0,Mainstream customer
CUS6704,1,Discount customer
CUS6705,1,Discount customer
CUS6706,0,Mainstream customer
CUS6707,1,Discount customer
CUS6708,0,Mainstream customer
CUS6709,0,Mainstream customer
CUS671,0,Mainstream customer
CUS6710,1,Discount customer
CUS6711,1,Discount customer
CUS6712,0,Mainstream customer
CUS6713,0,Mainstream customer
CUS6714,0,Mainstream customer
CUS6715,0,Mainstream customer
CUS6716,0,Mainstream customer
CUS6717,0,Mainstream customer
CUS6718,1,Discount customer
CUS6719,0,Mainstream customer
CUS672,2,Premium Bremen Niche
CUS6720,0,Mainstream customer
CUS6721,0,Mainstream customer
CUS6722,0,Mainstream customer
CUS6723,1,Discount customer
CUS6724,1,Discount customer
CUS6725,2,Premium Bremen Niche
CUS6726,0,Mainstream customer
CUS6727,0,Mainstream customer
CUS6728,1,Discount customer
CUS6729,0,Mainstream customer
CUS673,1,Discount customer
CUS6730,0,Mainstream customer
CUS6731,0,Mainstream customer
CUS6732,0,Mainstream customer
CUS6733,0,Mainstream customer
CUS6734,1,Discount customer
CUS6735,0,Mainstream customer
CUS6736,0,Mainstream customer
CUS6737,0,Mainstream customer
CUS6738,0,Mainstream customer
CUS6739,0,Mainstream customer
CUS674,0,Mainstream customer
CUS6740,0,Mainstream customer
CUS6741,0,Mainstream customer
CUS6742,1,Discount customer
CUS6743,0,Mainstream customer
CUS6744,1,Discount customer
CUS6745,0,Mainstream customer
CUS6746,1,Discount customer
CUS6747,0,Mainstream customer
CUS6748,0,Mainstream customer
CUS6749,1,Discount customer
CUS675,0,Mainstream customer
CUS6750,1,Discount customer
CUS6751,1,Discount customer
CUS6752,1,Discount customer
CUS6753,1,Discount customer
CUS6754,0,Mainstream customer
CUS6755,0,Mainstream customer
CUS6756,0,Mainstream customer
CUS6757,0,Mainstream customer
CUS6758,0,Mainstream customer
CUS6759,0,Mainstream customer
CUS676,0,Mainstream customer
CUS6760,0,Mainstream customer
CUS6761,0,Mainstream customer
CUS6762,0,Mainstream customer
CUS6763,2,Premium Bremen Niche
CUS6764,0,Mainstream customer
CUS6765,1,Discount customer
CUS6766,1,Discount customer
CUS6767,1,Discount customer
CUS6768,0,Mainstream customer
CUS6769,0,Mainstream customer
CUS677,0,Mainstream customer
CUS6770,0,Mainstream customer
CUS6771,0,Mainstream customer
CUS6772,1,Discount customer
CUS6773,0,Mainstream customer
CUS6774,0,Mainstream customer
CUS6775,1,Discount customer
CUS6776,0,Mainstream customer
CUS6777,2,Premium Bremen Niche
CUS6778,0,Mainstream customer
CUS6779,0,Mainstream customer
CUS678,1,Discount customer
CUS6780,0,Mainstream customer
CUS6781,1,Discount customer
CUS6782,0,Mainstream customer
CUS6783,0,Mainstream customer
CUS6784,0,Mainstream customer
CUS6785,1,Discount customer
CUS6786,1,Discount customer
CUS6787,1,Discount customer
CUS6788,0,Mainstream customer
CUS6789,0,Mainstream customer
CUS679,0,Mainstream customer
CUS6790,1,Discount customer
CUS6791,0,Mainstream customer
CUS6792,1,Discount customer
CUS6793,0,Mainstream customer
CUS6794,0,Mainstream customer
CUS6795,0,Mainstream customer
CUS6796,0,Mainstream customer
CUS6797,2,Premium Bremen Niche
CUS6798,1,Discount customer
CUS6799,0,Mainstream customer
CUS68,0,Mainstream customer
CUS680,0,Mainstream customer
CUS6800,0,Mainstream customer
CUS6801,1,Discount customer
CUS6802,0,Mainstream customer
CUS6803,0,Mainstream customer
CUS6804,1,Discount customer
CUS6805,0,Mainstream customer
CUS6806,0,Mainstream customer
CUS6807,0,Mainstream customer
CUS6808,0,Mainstream customer
CUS6809,1,Discount customer
CUS681,1,Discount customer
CUS6810,0,Mainstream customer
CUS6811,0,Mainstream customer
CUS6812,0,Mainstream customer
CUS6813,0,Mainstream customer
CUS6814,1,Discount customer
CUS6815,0,Mainstream customer
CUS6816,1,Discount customer
CUS6817,1,Discount customer
CUS6818,0,Mainstream customer
CUS6819,1,Discount customer
CUS682,0,Mainstream customer
CUS6820,2,Premium Bremen Niche
CUS6821,0,Mainstream customer
CUS6822,0,Mainstream customer
CUS6823,0,Mainstream customer
CUS6824,0,Mainstream customer
CUS6825,2,Premium Bremen Niche
CUS6826,0,Mainstream customer
CUS6827,0,Mainstream customer
CUS6828,1,Discount customer
CUS6829,0,Mainstream customer
CUS683,0,Mainstream customer
CUS6830,0,Mainstream customer
CUS6831,3,Urban Trendy Berlin
CUS6832,0,Mainstream customer
CUS6833,0,Mainstream customer
CUS6834,1,Discount customer
CUS6835,0,Mainstream customer
CUS6836,0,Mainstream customer
CUS6837,0,Mainstream customer
CUS6838,0,Mainstream customer
CUS6839,0,Mainstream customer
CUS684,0,Mainstream customer
CUS6840,0,Mainstream customer
CUS6841,1,Discount customer
CUS6842,0,Mainstream customer
CUS6843,1,Discount customer
CUS6844,1,Discount customer
CUS6845,1,Discount customer
CUS6846,2,Premium Bremen Niche
CUS6847,0,Mainstream customer
CUS6848,0,Mainstream customer
CUS6849,0,Mainstream customer
CUS685,1,Discount customer
CUS6850,0,Mainstream customer
CUS6851,0,Mainstream customer
CUS6852,0,Mainstream customer
CUS6853,0,Mainstream customer
CUS6854,1,Discount customer
CUS6855,1,Discount customer
CUS6856,0,Mainstream customer
CUS6857,1,Discount customer
CUS6858,0,Mainstream customer
CUS6859,0,Mainstream customer
CUS686,1,Discount customer
CUS6860,1,Discount customer
CUS6861,0,Mainstream customer
CUS6862,1,Discount customer
CUS6863,1,Discount customer
CUS6864,0,Mainstream customer
CUS6865,0,Mainstream customer
CUS6866,0,Mainstream customer
CUS6867,0,Mainstream customer
CUS6868,0,Mainstream customer
CUS6869,1,Discount customer
CUS687,0,Mainstream customer
CUS6870,1,Discount customer
CUS6871,0,Mainstream customer
CUS6872,0,Mainstream customer
CUS6873,0,Mainstream customer
CUS6874,1,Discount customer
CUS6875,1,Discount customer
CUS6876,0,Mainstream customer
CUS6877,1,Discount customer
CUS6878,0,Mainstream customer
CUS6879,0,Mainstream customer
CUS688,3,Urban Trendy Berlin
CUS6880,3,Urban Trendy Berlin
CUS6881,2,Premium Bremen Niche
CUS6882,1,Discount customer
CUS6883,0,Mainstream customer
CUS6884,0,Mainstream customer
CUS6885,1,Discount customer
CUS6886,0,Mainstream customer
CUS6887,0,Mainstream customer
CUS6888,1,Discount customer
CUS6889,1,Discount customer
CUS689,0,Mainstream customer
CUS6890,0,Mainstream customer
CUS6891,0,Mainstream customer
CUS6892,0,Mainstream customer
CUS6893,0,Mainstream customer
CUS6894,0,Mainstream customer
CUS6895,0,Mainstream customer
CUS6896,1,Discount customer
CUS6897,0,Mainstream customer
CUS6898,3,Urban Trendy Berlin
CUS6899,0,Mainstream customer
CUS69,0,Mainstream customer
CUS690,1,Discount customer
CUS6900,0,Mainstream customer
CUS6901,0,Mainstream customer
CUS6902,0,Mainstream customer
CUS6903,0,Mainstream customer
CUS6904,0,Mainstream customer
CUS6905,1,Discount customer
CUS6906,1,Discount customer
CUS6907,1,Discount customer
CUS6908,3,Urban Trendy Berlin
CUS6909,1,Discount customer
CUS691,0,Mainstream customer
CUS6910,0,Mainstream customer
CUS6911,1,Discount customer
CUS6912,1,Discount customer
CUS6913,0,Mainstream customer
CUS6914,0,Mainstream customer
CUS6915,3,Urban Trendy Berlin
CUS6916,1,Discount customer
CUS6917,1,Discount customer
CUS6918,0,Mainstream customer
CUS6919,0,Mainstream customer
CUS692,0,Mainstream customer
CUS6920,0,Mainstream customer
CUS6921,0,Mainstream customer
CUS6922,1,Discount customer
CUS6923,3,Urban Trendy Berlin
CUS6924,1,Discount customer
CUS6925,0,Mainstream customer
CUS6926,3,Urban Trendy Berlin
CUS6927,0,Mainstream customer
CUS6928,0,Mainstream customer
CUS6929,0,Mainstream customer
CUS693,0,Mainstream customer
CUS6930,1,Discount customer
CUS6931,1,Discount customer
CUS6932,0,Mainstream customer
CUS6933,0,Mainstream customer
CUS6934,1,Discount customer
CUS6935,0,Mainstream customer
CUS6936,0,Mainstream customer
CUS6937,0,Mainstream customer
CUS6938,1,Discount customer
CUS6939,0,Mainstream customer
CUS694,1,Discount customer
CUS6940,0,Mainstream customer
CUS6941,1,Discount customer
CUS6942,0,Mainstream customer
CUS6943,0,Mainstream customer
CUS6944,0,Mainstream customer
CUS6945,1,Discount customer
CUS6946,0,Mainstream customer
CUS6947,0,Mainstream customer
CUS6948,1,Discount customer
CUS6949,0,Mainstream customer
CUS695,0,Mainstream customer
CUS6950,0,Mainstream customer
CUS6951,0,Mainstream customer
CUS6952,0,Mainstream customer
CUS6953,0,Mainstream customer
CUS6954,0,Mainstream customer
CUS6955,0,Mainstream customer
CUS6956,0,Mainstream customer
CUS6957,1,Discount customer
CUS6958,1,Discount customer
CUS6959,0,Mainstream customer
CUS696,1,Discount customer
CUS6960,3,Urban Trendy Berlin
CUS6961,0,Mainstream customer
CUS6962,0,Mainstream customer
CUS6963,0,Mainstream customer
CUS6964,0,Mainstream customer
CUS6965,1,Discount customer
CUS6966,0,Mainstream customer
CUS6967,0,Mainstream customer
CUS6968,0,Mainstream customer
CUS6969,1,Discount customer
CUS697,0,Mainstream customer
CUS6970,0,Mainstream customer
CUS6971,1,Discount customer
CUS6972,0,Mainstream customer
CUS6973,1,Discount customer
CUS6974,1,Discount customer
CUS6975,0,Mainstream customer
CUS6976,1,Discount customer
CUS6977,0,Mainstream customer
CUS6978,1,Discount customer
CUS6979,1,Discount customer
CUS698,1,Discount customer
CUS6980,1,Discount customer
CUS6981,0,Mainstream customer
CUS6982,0,Mainstream customer
CUS6983,0,Mainstream customer
CUS6984,0,Mainstream customer
CUS6985,0,Mainstream customer
CUS6986,0,Mainstream customer
CUS6987,0,Mainstream customer
CUS6988,1,Discount customer
CUS6989,0,Mainstream customer
CUS699,1,Discount customer
CUS6990,0,Mainstream customer
CUS6991,0,Mainstream customer
CUS6992,0,Mainstream customer
CUS6993,0,Mainstream customer
CUS6994,0,Mainstream customer
CUS6995,0,Mainstream customer
CUS6996,0,Mainstream customer
CUS6997,0,Mainstream customer
CUS6998,3,Urban Trendy Berlin
CUS6999,0,Mainstream customer
CUS7,0,Mainstream customer
CUS70,1,Discount customer
CUS700,1,Discount customer
CUS7000,0,Mainstream customer
CUS7001,0,Mainstream customer
CUS7002,1,Discount customer
CUS7003,1,Discount customer
CUS7004,0,Mainstream customer
CUS7005,0,Mainstream customer
CUS7006,0,Mainstream customer
CUS7007,3,Urban Trendy Berlin
CUS7008,0,Mainstream customer
CUS7009,1,Discount customer
CUS701,0,Mainstream customer
CUS7010,0,Mainstream customer
CUS7011,0,Mainstream customer
CUS7012,0,Mainstream customer
CUS7013,0,Mainstream customer
CUS7014,0,Mainstream customer
CUS7015,0,Mainstream customer
CUS7016,1,Discount customer
CUS7017,1,Discount customer
CUS7018,0,Mainstream customer
CUS7019,0,Mainstream customer
CUS702,0,Mainstream customer
CUS7020,1,Discount customer
CUS7021,0,Mainstream customer
CUS7022,0,Mainstream customer
CUS7023,0,Mainstream customer
CUS7024,0,Mainstream customer
CUS7025,0,Mainstream customer
CUS7026,1,Discount customer
CUS7027,1,Discount customer
CUS7028,0,Mainstream customer
CUS7029,0,Mainstream customer
CUS703,0,Mainstream customer
CUS7030,0,Mainstream customer
CUS7031,2,Premium Bremen Niche
CUS7032,1,Discount customer
CUS7033,0,Mainstream customer
CUS7034,0,Mainstream customer
CUS7035,0,Mainstream customer
CUS7036,3,Urban Trendy Berlin
CUS7037,2,Premium Bremen Niche
CUS7038,1,Discount customer
CUS7039,0,Mainstream customer
CUS704,0,Mainstream customer
CUS7040,0,Mainstream customer
CUS7041,0,Mainstream customer
CUS7042,0,Mainstream customer
CUS7043,0,Mainstream customer
CUS7044,0,Mainstream customer
CUS7045,0,Mainstream customer
CUS7046,0,Mainstream customer
CUS7047,0,Mainstream customer
CUS7048,0,Mainstream customer
CUS7049,0,Mainstream customer
CUS705,1,Discount customer
CUS7050,0,Mainstream customer
CUS7051,0,Mainstream customer
CUS7052,0,Mainstream customer
CUS7053,0,Mainstream customer
CUS7054,1,Discount customer
CUS7055,0,Mainstream customer
CUS7056,1,Discount customer
CUS7057,1,Discount customer
CUS7058,1,Discount customer
CUS7059,0,Mainstream customer
CUS706,0,Mainstream customer
CUS7060,0,Mainstream customer
CUS7061,0,Mainstream customer
CUS7062,1,Discount customer
CUS7063,1,Discount customer
CUS7064,1,Discount customer
CUS7065,0,Mainstream customer
CUS7066,1,Discount customer
CUS7067,0,Mainstream customer
CUS7068,0,Mainstream customer
CUS7069,0,Mainstream customer
CUS707,0,Mainstream customer
CUS7070,0,Mainstream customer
CUS7071,0,Mainstream customer
CUS7072,1,Discount customer
CUS7073,1,Discount customer
CUS7074,0,Mainstream customer
CUS7075,1,Discount customer
CUS7076,0,Mainstream customer
CUS7077,0,Mainstream customer
CUS7078,1,Discount customer
CUS7079,1,Discount customer
CUS708,0,Mainstream customer
CUS7080,0,Mainstream customer
CUS7081,0,Mainstream customer
CUS7082,0,Mainstream customer
CUS7083,0,Mainstream customer
CUS7084,1,Discount customer
CUS7085,0,Mainstream customer
CUS7086,1,Discount customer
CUS7087,1,Discount customer
CUS7088,2,Premium Bremen Niche
CUS7089,0,Mainstream customer
CUS709,0,Mainstream customer
CUS7090,0,Mainstream customer
CUS7091,1,Discount customer
CUS7092,0,Mainstream customer
CUS7093,0,Mainstream customer
CUS7094,1,Discount customer
CUS7095,2,Premium Bremen Niche
CUS7096,0,Mainstream customer
CUS7097,0,Mainstream customer
CUS7098,0,Mainstream customer
CUS7099,0,Mainstream customer
CUS71,1,Discount customer
CUS710,0,Mainstream customer
CUS7100,0,Mainstream customer
CUS7101,1,Discount customer
CUS7102,0,Mainstream customer
CUS7103,1,Discount customer
CUS7104,1,Discount customer
CUS7105,0,Mainstream customer
CUS7106,1,Discount customer
CUS7107,1,Discount customer
CUS7108,0,Mainstream customer
CUS7109,0,Mainstream customer
CUS711,0,Mainstream customer
CUS7110,1,Discount customer
CUS7111,0,Mainstream customer
CUS7112,0,Mainstream customer
CUS7113,0,Mainstream customer
CUS7114,0,Mainstream customer
CUS7115,0,Mainstream customer
CUS7116,0,Mainstream customer
CUS7117,3,Urban Trendy Berlin
CUS7118,0,Mainstream customer
CUS7119,0,Mainstream customer
CUS712,0,Mainstream customer
CUS7120,0,Mainstream customer
CUS7121,0,Mainstream customer
CUS7122,1,Discount customer
CUS7123,3,Urban Trendy Berlin
CUS7124,1,Discount customer
CUS7125,1,Discount customer
CUS7126,0,Mainstream customer
CUS7127,0,Mainstream customer
CUS7128,0,Mainstream customer
CUS7129,1,Discount customer
CUS713,1,Discount customer
CUS7130,0,Mainstream customer
CUS7131,1,Discount customer
CUS7132,0,Mainstream customer
CUS7133,0,Mainstream customer
CUS7134,0,Mainstream customer
CUS7135,1,Discount customer
CUS7136,1,Discount customer
CUS7137,0,Mainstream customer
CUS7138,0,Mainstream customer
CUS7139,0,Mainstream customer
CUS714,0,Mainstream customer
CUS7140,0,Mainstream customer
CUS7141,0,Mainstream customer
CUS7142,0,Mainstream customer
CUS7143,1,Discount customer
CUS7144,1,Discount customer
CUS7145,3,Urban Trendy Berlin
CUS7146,0,Mainstream customer
CUS7147,0,Mainstream customer
CUS7148,0,Mainstream customer
CUS7149,0,Mainstream customer
CUS715,1,Discount customer
CUS7150,0,Mainstream customer
CUS7151,0,Mainstream customer
CUS7152,1,Discount customer
CUS7153,0,Mainstream customer
CUS7154,0,Mainstream customer
CUS7155,0,Mainstream customer
CUS7156,0,Mainstream customer
CUS7157,0,Mainstream customer
CUS7158,0,Mainstream customer
CUS7159,1,Discount customer
CUS716,0,Mainstream customer
CUS7160,0,Mainstream customer
CUS7161,0,Mainstream customer
CUS7162,1,Discount customer
CUS7163,0,Mainstream customer
CUS7164,0,Mainstream customer
CUS7165,0,Mainstream customer
CUS7166,1,Discount customer
CUS7167,0,Mainstream customer
CUS7168,1,Discount customer
CUS7169,0,Mainstream customer
CUS717,1,Discount customer
CUS7170,0,Mainstream customer
CUS7171,0,Mainstream customer
CUS7172,0,Mainstream customer
CUS7173,0,Mainstream customer
CUS7174,0,Mainstream customer
CUS7175,0,Mainstream customer
CUS7176,0,Mainstream customer
CUS7177,1,Discount customer
CUS7178,0,Mainstream customer
CUS7179,1,Discount customer
CUS718,1,Discount customer
CUS7180,1,Discount customer
CUS7181,0,Mainstream customer
CUS7182,0,Mainstream customer
CUS7183,0,Mainstream customer
CUS7184,0,Mainstream customer
CUS7185,0,Mainstream customer
CUS7186,1,Discount customer
CUS7187,0,Mainstream customer
CUS7188,1,Discount customer
CUS7189,3,Urban Trendy Berlin
CUS719,1,Discount customer
CUS7190,0,Mainstream customer
CUS7191,1,Discount customer
CUS7192,1,Discount customer
CUS7193,0,Mainstream customer
CUS7194,3,Urban Trendy Berlin
CUS7195,0,Mainstream customer
CUS7196,0,Mainstream customer
CUS7197,0,Mainstream customer
CUS7198,1,Discount customer
CUS7199,0,Mainstream customer
CUS72,0,Mainstream customer
CUS720,0,Mainstream customer
CUS7200,0,Mainstream customer
CUS7201,1,Discount customer
CUS7202,0,Mainstream customer
CUS7203,0,Mainstream customer
CUS7204,1,Discount customer
CUS7205,0,Mainstream customer
CUS7206,0,Mainstream customer
CUS7207,0,Mainstream customer
CUS7208,0,Mainstream customer
CUS7209,0,Mainstream customer
CUS721,1,Discount customer
CUS7210,0,Mainstream customer
CUS7211,0,Mainstream customer
CUS7212,1,Discount customer
CUS7213,0,Mainstream customer
CUS7214,0,Mainstream customer
CUS7215,1,Discount customer
CUS7216,0,Mainstream customer
CUS7217,0,Mainstream customer
CUS7218,0,Mainstream customer
CUS7219,0,Mainstream customer
CUS722,0,Mainstream customer
CUS7220,1,Discount customer
CUS7221,0,Mainstream customer
CUS7222,0,Mainstream customer
CUS7223,0,Mainstream customer
CUS7224,0,Mainstream customer
CUS7225,0,Mainstream customer
CUS7226,0,Mainstream customer
CUS7227,0,Mainstream customer
CUS7228,0,Mainstream customer
CUS7229,0,Mainstream customer
CUS723,0,Mainstream customer
CUS7230,0,Mainstream customer
CUS7231,0,Mainstream customer
CUS7232,0,Mainstream customer
CUS7233,0,Mainstream customer
CUS7234,1,Discount customer
CUS7235,0,Mainstream customer
CUS7236,1,Discount customer
CUS7237,0,Mainstream customer
CUS7238,0,Mainstream customer
CUS7239,0,Mainstream customer
CUS724,0,Mainstream customer
CUS7240,0,Mainstream customer
CUS7241,0,Mainstream customer
CUS7242,0,Mainstream customer
CUS7243,0,Mainstream customer
CUS7244,1,Discount customer
CUS7245,1,Discount customer
CUS7246,0,Mainstream customer
CUS7247,0,Mainstream customer
CUS7248,0,Mainstream customer
CUS7249,0,Mainstream customer
CUS725,1,Discount customer
CUS7250,0,Mainstream customer
CUS7251,0,Mainstream customer
CUS7252,0,Mainstream customer
CUS7253,0,Mainstream customer
CUS7254,1,Discount customer
CUS7255,0,Mainstream customer
CUS7256,0,Mainstream customer
CUS7257,0,Mainstream customer
CUS7258,0,Mainstream customer
CUS7259,0,Mainstream customer
CUS726,0,Mainstream customer
CUS7260,0,Mainstream customer
CUS7261,1,Discount customer
CUS7262,0,Mainstream customer
CUS7263,1,Discount customer
CUS7264,0,Mainstream customer
CUS7265,1,Discount customer
CUS7266,0,Mainstream customer
CUS7267,0,Mainstream customer
CUS7268,1,Discount customer
CUS7269,0,Mainstream customer
CUS727,1,Discount customer
CUS7270,0,Mainstream customer
CUS7271,0,Mainstream customer
CUS7272,1,Discount customer
CUS7273,0,Mainstream customer
CUS7274,0,Mainstream customer
CUS7275,0,Mainstream customer
CUS7276,0,Mainstream customer
CUS7277,0,Mainstream customer
CUS7278,1,Discount customer
CUS7279,0,Mainstream customer
CUS728,0,Mainstream customer
CUS7280,0,Mainstream customer
CUS7281,0,Mainstream customer
CUS7282,0,Mainstream customer
CUS7283,0,Mainstream customer
CUS7284,0,Mainstream customer
CUS7285,1,Discount customer
CUS7286,0,Mainstream customer
CUS7287,1,Discount customer
CUS7288,0,Mainstream customer
CUS7289,0,Mainstream customer
CUS729,1,Discount customer
CUS7290,0,Mainstream customer
CUS7291,3,Urban Trendy Berlin
CUS7292,1,Discount customer
CUS7293,0,Mainstream customer
CUS7294,1,Discount customer
CUS7295,0,Mainstream customer
CUS7296,0,Mainstream customer
CUS7297,0,Mainstream customer
CUS7298,0,Mainstream customer
CUS7299,0,Mainstream customer
CUS73,0,Mainstream customer
CUS730,3,Urban Trendy Berlin
CUS7300,0,Mainstream customer
CUS7301,0,Mainstream customer
CUS7302,1,Discount customer
CUS7303,0,Mainstream customer
CUS7304,1,Discount customer
CUS7305,1,Discount customer
CUS7306,0,Mainstream customer
CUS7307,0,Mainstream customer
CUS7308,1,Discount customer
CUS7309,1,Discount customer
CUS731,0,Mainstream customer
CUS7310,2,Premium Bremen Niche
CUS7311,1,Discount customer
CUS7312,1,Discount customer
CUS7313,0,Mainstream customer
CUS7314,0,Mainstream customer
CUS7315,0,Mainstream customer
CUS7316,1,Discount customer
CUS7317,0,Mainstream customer
CUS7318,0,Mainstream customer
CUS7319,1,Discount customer
CUS732,1,Discount customer
CUS7320,1,Discount customer
CUS7321,0,Mainstream customer
CUS7322,0,Mainstream customer
CUS7323,1,Discount customer
CUS7324,0,Mainstream customer
CUS7325,0,Mainstream customer
CUS7326,1,Discount customer
CUS7327,0,Mainstream customer
CUS7328,1,Discount customer
CUS7329,1,Discount customer
CUS733,0,Mainstream customer
CUS7330,1,Discount customer
CUS7331,0,Mainstream customer
CUS7332,1,Discount customer
CUS7333,0,Mainstream customer
CUS7334,1,Discount customer
CUS7335,0,Mainstream customer
CUS7336,1,Discount customer
CUS7337,1,Discount customer
CUS7338,1,Discount customer
CUS7339,0,Mainstream customer
CUS734,0,Mainstream customer
CUS7340,1,Discount customer
CUS7341,1,Discount customer
CUS7342,0,Mainstream customer
CUS7343,0,Mainstream customer
CUS7344,1,Discount customer
CUS7345,0,Mainstream customer
CUS7346,0,Mainstream customer
CUS7347,1,Discount customer
CUS7348,0,Mainstream customer
CUS7349,0,Mainstream customer
CUS735,2,Premium Bremen Niche
CUS7350,1,Discount customer
CUS7351,1,Discount customer
CUS7352,0,Mainstream customer
CUS7353,0,Mainstream customer
CUS7354,0,Mainstream customer
CUS7355,1,Discount customer
CUS7356,0,Mainstream customer
CUS7357,0,Mainstream customer
CUS7358,0,Mainstream customer
CUS7359,0,Mainstream customer
CUS736,0,Mainstream customer
CUS7360,1,Discount customer
CUS7361,1,Discount customer
CUS7362,2,Premium Bremen Niche
CUS7363,1,Discount customer
CUS7364,1,Discount customer
CUS7365,0,Mainstream customer
CUS7366,1,Discount customer
CUS7367,0,Mainstream customer
CUS7368,0,Mainstream customer
CUS7369,1,Discount customer
CUS737,1,Discount customer
CUS7370,0,Mainstream customer
CUS7371,0,Mainstream customer
CUS7372,0,Mainstream customer
CUS7373,2,Premium Bremen Niche
CUS7374,0,Mainstream customer
CUS7375,0,Mainstream customer
CUS7376,0,Mainstream customer
CUS7377,0,Mainstream customer
CUS7378,0,Mainstream customer
CUS7379,1,Discount customer
CUS738,1,Discount customer
CUS7380,0,Mainstream customer
CUS7381,0,Mainstream customer
CUS7382,0,Mainstream customer
CUS7383,0,Mainstream customer
CUS7384,0,Mainstream customer
CUS7385,0,Mainstream customer
CUS7386,0,Mainstream customer
CUS7387,0,Mainstream customer
CUS7388,1,Discount customer
CUS7389,0,Mainstream customer
CUS739,0,Mainstream customer
CUS7390,0,Mainstream customer
CUS7391,1,Discount customer
CUS7392,0,Mainstream customer
CUS7393,0,Mainstream customer
CUS7394,0,Mainstream customer
CUS7395,0,Mainstream customer
CUS7396,0,Mainstream customer
CUS7397,0,Mainstream customer
CUS7398,1,Discount customer
CUS7399,1,Discount customer
CUS74,1,Discount customer
CUS740,0,Mainstream customer
CUS7400,1,Discount customer
CUS7401,0,Mainstream customer
CUS7402,0,Mainstream customer
CUS7403,0,Mainstream customer
CUS7404,1,Discount customer
CUS7405,1,Discount customer
CUS7406,2,Premium Bremen Niche
CUS7407,1,Discount customer
CUS7408,0,Mainstream customer
CUS7409,1,Discount customer
CUS741,1,Discount customer
CUS7410,0,Mainstream customer
CUS7411,1,Discount customer
CUS7412,0,Mainstream customer
CUS7413,1,Discount customer
CUS7414,1,Discount customer
CUS7415,0,Mainstream customer
CUS7416,1,Discount customer
CUS7417,0,Mainstream customer
CUS7418,0,Mainstream customer
CUS7419,2,Premium Bremen Niche
CUS742,0,Mainstream customer
CUS7420,0,Mainstream customer
CUS7421,0,Mainstream customer
CUS7422,0,Mainstream customer
CUS7423,0,Mainstream customer
CUS7424,0,Mainstream customer
CUS7425,0,Mainstream customer
CUS7426,1,Discount customer
CUS7427,1,Discount customer
CUS7428,0,Mainstream customer
CUS7429,0,Mainstream customer
CUS743,1,Discount customer
CUS7430,0,Mainstream customer
CUS7431,0,Mainstream customer
CUS7432,0,Mainstream customer
CUS7433,0,Mainstream customer
CUS7434,1,Discount customer
CUS7435,1,Discount customer
CUS7436,1,Discount customer
CUS7437,1,Discount customer
CUS7438,0,Mainstream customer
CUS7439,0,Mainstream customer
CUS744,0,Mainstream customer
CUS7440,2,Premium Bremen Niche
CUS7441,0,Mainstream customer
CUS7442,0,Mainstream customer
CUS7443,1,Discount customer
CUS7444,0,Mainstream customer
CUS7445,0,Mainstream customer
CUS7446,0,Mainstream customer
CUS7447,0,Mainstream customer
CUS7448,0,Mainstream customer
CUS7449,0,Mainstream customer
CUS745,3,Urban Trendy Berlin
CUS7450,0,Mainstream customer
CUS7451,0,Mainstream customer
CUS7452,1,Discount customer
CUS7453,0,Mainstream customer
CUS7454,0,Mainstream customer
CUS7455,0,Mainstream customer
CUS7456,0,Mainstream customer
CUS7457,0,Mainstream customer
CUS7458,1,Discount customer
CUS7459,1,Discount customer
CUS746,0,Mainstream customer
CUS7460,0,Mainstream customer
CUS7461,1,Discount customer
CUS7462,0,Mainstream customer
CUS7463,0,Mainstream customer
CUS7464,0,Mainstream customer
CUS7465,0,Mainstream customer
CUS7466,0,Mainstream customer
CUS7467,1,Discount customer
CUS7468,0,Mainstream customer
CUS7469,1,Discount customer
CUS747,0,Mainstream customer
CUS7470,1,Discount customer
CUS7471,0,Mainstream customer
CUS7472,0,Mainstream customer
CUS7473,0,Mainstream customer
CUS7474,0,Mainstream customer
CUS7475,0,Mainstream customer
CUS7476,0,Mainstream customer
CUS7477,1,Discount customer
CUS7478,0,Mainstream customer
CUS7479,1,Discount customer
CUS748,1,Discount customer
CUS7480,1,Discount customer
CUS7481,0,Mainstream customer
CUS7482,0,Mainstream customer
CUS7483,0,Mainstream customer
CUS7484,0,Mainstream customer
CUS7485,1,Discount customer
CUS7486,1,Discount customer
CUS7487,1,Discount customer
CUS7488,1,Discount customer
CUS7489,0,Mainstream customer
CUS749,1,Discount customer
CUS7490,0,Mainstream customer
CUS7491,0,Mainstream customer
CUS7492,1,Discount customer
CUS7493,1,Discount customer
CUS7494,0,Mainstream customer
CUS7495,1,Discount customer
CUS7496,1,Discount customer
CUS7497,1,Discount customer
CUS7498,1,Discount customer
CUS7499,0,Mainstream customer
CUS75,1,Discount customer
CUS750,0,Mainstream customer
CUS7500,0,Mainstream customer
CUS7501,0,Mainstream customer
CUS7502,0,Mainstream customer
CUS7503,0,Mainstream customer
CUS7504,0,Mainstream customer
CUS7505,1,Discount customer
CUS7506,0,Mainstream customer
CUS7507,0,Mainstream customer
CUS7508,0,Mainstream customer
CUS7509,1,Discount customer
CUS751,1,Discount customer
CUS7510,0,Mainstream customer
CUS7511,0,Mainstream customer
CUS7512,0,Mainstream customer
CUS7513,0,Mainstream customer
CUS7514,1,Discount customer
CUS7515,0,Mainstream customer
CUS7516,0,Mainstream customer
CUS7517,0,Mainstream customer
CUS7518,0,Mainstream customer
CUS7519,0,Mainstream customer
CUS752,1,Discount customer
CUS7520,0,Mainstream customer
CUS7521,1,Discount customer
CUS7522,0,Mainstream customer
CUS7523,0,Mainstream customer
CUS7524,0,Mainstream customer
CUS7525,1,Discount customer
CUS7526,1,Discount customer
CUS7527,0,Mainstream customer
CUS7528,0,Mainstream customer
CUS7529,0,Mainstream customer
CUS753,0,Mainstream customer
CUS7530,0,Mainstream customer
CUS7531,1,Discount customer
CUS7532,0,Mainstream customer
CUS7533,0,Mainstream customer
CUS7534,1,Discount customer
CUS7535,0,Mainstream customer
CUS7536,0,Mainstream customer
CUS7537,1,Discount customer
CUS7538,0,Mainstream customer
CUS7539,0,Mainstream customer
CUS754,0,Mainstream customer
CUS7540,0,Mainstream customer
CUS7541,0,Mainstream customer
CUS7542,0,Mainstream customer
CUS7543,0,Mainstream customer
CUS7544,1,Discount customer
CUS7545,0,Mainstream customer
CUS7546,0,Mainstream customer
CUS7547,0,Mainstream customer
CUS7548,0,Mainstream customer
CUS7549,1,Discount customer
CUS755,1,Discount customer
CUS7550,0,Mainstream customer
CUS7551,0,Mainstream customer
CUS7552,0,Mainstream customer
CUS7553,0,Mainstream customer
CUS7554,0,Mainstream customer
CUS7555,0,Mainstream customer
CUS7556,1,Discount customer
CUS7557,0,Mainstream customer
CUS7558,0,Mainstream customer
CUS7559,1,Discount customer
CUS756,0,Mainstream customer
CUS7560,0,Mainstream customer
CUS7561,0,Mainstream customer
CUS7562,0,Mainstream customer
CUS7563,0,Mainstream customer
CUS7564,0,Mainstream customer
CUS7565,0,Mainstream customer
CUS7566,1,Discount customer
CUS7567,1,Discount customer
CUS7568,1,Discount customer
CUS7569,0,Mainstream customer
CUS757,0,Mainstream customer
CUS7570,0,Mainstream customer
CUS7571,0,Mainstream customer
CUS7572,0,Mainstream customer
CUS7573,1,Discount customer
CUS7574,1,Discount customer
CUS7575,0,Mainstream customer
CUS7576,1,Discount customer
CUS7577,0,Mainstream customer
CUS7578,0,Mainstream customer
CUS7579,0,Mainstream customer
CUS758,1,Discount customer
CUS7580,0,Mainstream customer
CUS7581,1,Discount customer
CUS7582,1,Discount customer
CUS7583,1,Discount customer
CUS7584,1,Discount customer
CUS7585,2,Premium Bremen Niche
CUS7586,1,Discount customer
CUS7587,0,Mainstream customer
CUS7588,0,Mainstream customer
CUS7589,0,Mainstream customer
CUS759,1,Discount customer
CUS7590,0,Mainstream customer
CUS7591,1,Discount customer
CUS7592,3,Urban Trendy Berlin
CUS7593,0,Mainstream customer
CUS7594,1,Discount customer
CUS7595,0,Mainstream customer
CUS7596,0,Mainstream customer
CUS7597,0,Mainstream customer
CUS7598,0,Mainstream customer
CUS7599,0,Mainstream customer
CUS76,0,Mainstream customer
CUS760,1,Discount customer
CUS7600,0,Mainstream customer
CUS7601,0,Mainstream customer
CUS7602,0,Mainstream customer
CUS7603,0,Mainstream customer
CUS7604,0,Mainstream customer
CUS7605,1,Discount customer
CUS7606,0,Mainstream customer
CUS7607,0,Mainstream customer
CUS7608,3,Urban Trendy Berlin
CUS7609,0,Mainstream customer
CUS761,0,Mainstream customer
CUS7610,0,Mainstream customer
CUS7611,0,Mainstream customer
CUS7612,1,Discount customer
CUS7613,0,Mainstream customer
CUS7614,0,Mainstream customer
CUS7615,1,Discount customer
CUS7616,0,Mainstream customer
CUS7617,1,Discount customer
CUS7618,0,Mainstream customer
CUS7619,0,Mainstream customer
CUS762,0,Mainstream customer
CUS7620,0,Mainstream customer
CUS7621,1,Discount customer
CUS7622,0,Mainstream customer
CUS7623,0,Mainstream customer
CUS7624,0,Mainstream customer
CUS7625,0,Mainstream customer
CUS7626,1,Discount customer
CUS7627,0,Mainstream customer
CUS7628,0,Mainstream customer
CUS7629,0,Mainstream customer
CUS763,0,Mainstream customer
CUS7630,0,Mainstream customer
CUS7631,1,Discount customer
CUS7632,0,Mainstream customer
CUS7633,1,Discount customer
CUS7634,0,Mainstream customer
CUS7635,1,Discount customer
CUS7636,1,Discount customer
CUS7637,1,Discount customer
CUS7638,0,Mainstream customer
CUS7639,0,Mainstream customer
CUS764,1,Discount customer
CUS7640,0,Mainstream customer
CUS7641,1,Discount customer
CUS7642,0,Mainstream customer
CUS7643,0,Mainstream customer
CUS7644,0,Mainstream customer
CUS7645,0,Mainstream customer
CUS7646,0,Mainstream customer
CUS7647,0,Mainstream customer
CUS7648,0,Mainstream customer
CUS7649,1,Discount customer
CUS765,0,Mainstream customer
CUS7650,1,Discount customer
CUS7651,0,Mainstream customer
CUS7652,0,Mainstream customer
CUS7653,1,Discount customer
CUS7654,0,Mainstream customer
CUS7655,0,Mainstream customer
CUS7656,1,Discount customer
CUS7657,0,Mainstream customer
CUS7658,1,Discount customer
CUS7659,1,Discount customer
CUS766,0,Mainstream customer
CUS7660,1,Discount customer
CUS7661,2,Premium Bremen Niche
CUS7662,0,Mainstream customer
CUS7663,0,Mainstream customer
CUS7664,0,Mainstream customer
CUS7665,0,Mainstream customer
CUS7666,0,Mainstream customer
CUS7667,0,Mainstream customer
CUS7668,1,Discount customer
CUS7669,0,Mainstream customer
CUS767,0,Mainstream customer
CUS7670,0,Mainstream customer
CUS7671,0,Mainstream customer
CUS7672,0,Mainstream customer
CUS7673,0,Mainstream customer
CUS7674,0,Mainstream customer
CUS7675,1,Discount customer
CUS7676,1,Discount customer
CUS7677,1,Discount customer
CUS7678,0,Mainstream customer
CUS7679,0,Mainstream customer
CUS768,0,Mainstream customer
CUS7680,0,Mainstream customer
CUS7681,0,Mainstream customer
CUS7682,0,Mainstream customer
CUS7683,0,Mainstream customer
CUS7684,0,Mainstream customer
CUS7685,0,Mainstream customer
CUS7686,0,Mainstream customer
CUS7687,1,Discount customer
CUS7688,0,Mainstream customer
CUS7689,0,Mainstream customer
CUS769,0,Mainstream customer
CUS7690,0,Mainstream customer
CUS7691,0,Mainstream customer
CUS7692,0,Mainstream customer
CUS7693,1,Discount customer
CUS7694,1,Discount customer
CUS7695,1,Discount customer
CUS7696,0,Mainstream customer
CUS7697,0,Mainstream customer
CUS7698,0,Mainstream customer
CUS7699,0,Mainstream customer
CUS77,3,Urban Trendy Berlin
CUS770,0,Mainstream customer
CUS7700,1,Discount customer
CUS7701,1,Discount customer
CUS7702,0,Mainstream customer
CUS7703,0,Mainstream customer
CUS7704,1,Discount customer
CUS7705,1,Discount customer
CUS7706,0,Mainstream customer
CUS7707,1,Discount customer
CUS7708,0,Mainstream customer
CUS7709,0,Mainstream customer
CUS771,0,Mainstream customer
CUS7710,1,Discount customer
CUS7711,0,Mainstream customer
CUS7712,1,Discount customer
CUS7713,0,Mainstream customer
CUS7714,0,Mainstream customer
CUS7715,0,Mainstream customer
CUS7716,0,Mainstream customer
CUS7717,1,Discount customer
CUS7718,1,Discount customer
CUS7719,0,Mainstream customer
CUS772,0,Mainstream customer
CUS7720,0,Mainstream customer
CUS7721,0,Mainstream customer
CUS7722,0,Mainstream customer
CUS7723,0,Mainstream customer
CUS7724,3,Urban Trendy Berlin
CUS7725,1,Discount customer
CUS7726,2,Premium Bremen Niche
CUS7727,0,Mainstream customer
CUS7728,0,Mainstream customer
CUS7729,1,Discount customer
CUS773,0,Mainstream customer
CUS7730,0,Mainstream customer
CUS7731,0,Mainstream customer
CUS7732,0,Mainstream customer
CUS7733,0,Mainstream customer
CUS7734,0,Mainstream customer
CUS7735,0,Mainstream customer
CUS7736,0,Mainstream customer
CUS7737,1,Discount customer
CUS7738,0,Mainstream customer
CUS7739,1,Discount customer
CUS774,0,Mainstream customer
CUS7740,0,Mainstream customer
CUS7741,1,Discount customer
CUS7742,2,Premium Bremen Niche
CUS7743,0,Mainstream customer
CUS7744,1,Discount customer
CUS7745,1,Discount customer
CUS7746,0,Mainstream customer
CUS7747,0,Mainstream customer
CUS7748,0,Mainstream customer
CUS7749,0,Mainstream customer
CUS775,0,Mainstream customer
CUS7750,0,Mainstream customer
CUS7751,0,Mainstream customer
CUS7752,0,Mainstream customer
CUS7753,0,Mainstream customer
CUS7754,0,Mainstream customer
CUS7755,2,Premium Bremen Niche
CUS7756,0,Mainstream customer
CUS7757,1,Discount customer
CUS7758,0,Mainstream customer
CUS7759,1,Discount customer
CUS776,0,Mainstream customer
CUS7760,0,Mainstream customer
CUS7761,0,Mainstream customer
CUS7762,0,Mainstream customer
CUS7763,0,Mainstream customer
CUS7764,0,Mainstream customer
CUS7765,0,Mainstream customer
CUS7766,1,Discount customer
CUS7767,0,Mainstream customer
CUS7768,1,Discount customer
CUS7769,0,Mainstream customer
CUS777,0,Mainstream customer
CUS7770,0,Mainstream customer
CUS7771,0,Mainstream customer
CUS7772,1,Discount customer
CUS7773,0,Mainstream customer
CUS7774,1,Discount customer
CUS7775,0,Mainstream customer
CUS7776,0,Mainstream customer
CUS7777,0,Mainstream customer
CUS7778,1,Discount customer
CUS7779,1,Discount customer
CUS778,0,Mainstream customer
CUS7780,2,Premium Bremen Niche
CUS7781,0,Mainstream customer
CUS7782,0,Mainstream customer
CUS7783,0,Mainstream customer
CUS7784,0,Mainstream customer
CUS7785,0,Mainstream customer
CUS7786,0,Mainstream customer
CUS7787,0,Mainstream customer
CUS7788,1,Discount customer
CUS7789,1,Discount customer
CUS779,1,Discount customer
CUS7790,0,Mainstream customer
CUS7791,0,Mainstream customer
CUS7792,2,Premium Bremen Niche
CUS7793,0,Mainstream customer
CUS7794,1,Discount customer
CUS7795,0,Mainstream customer
CUS7796,0,Mainstream customer
CUS7797,1,Discount customer
CUS7798,0,Mainstream customer
CUS7799,0,Mainstream customer
CUS78,0,Mainstream customer
CUS780,1,Discount customer
CUS7800,0,Mainstream customer
CUS7801,0,Mainstream customer
CUS7802,0,Mainstream customer
CUS7803,0,Mainstream customer
CUS7804,1,Discount customer
CUS7805,0,Mainstream customer
CUS7806,0,Mainstream customer
CUS7807,0,Mainstream customer
CUS7808,0,Mainstream customer
CUS7809,1,Discount customer
CUS781,1,Discount customer
CUS7810,1,Discount customer
CUS7811,0,Mainstream customer
CUS7812,1,Discount customer
CUS7813,0,Mainstream customer
CUS7814,0,Mainstream customer
CUS7815,0,Mainstream customer
CUS7816,0,Mainstream customer
CUS7817,0,Mainstream customer
CUS7818,1,Discount customer
CUS7819,1,Discount customer
CUS782,1,Discount customer
CUS7820,0,Mainstream customer
CUS7821,0,Mainstream customer
CUS7822,0,Mainstream customer
CUS7823,0,Mainstream customer
CUS7824,0,Mainstream customer
CUS7825,1,Discount customer
CUS7826,0,Mainstream customer
CUS7827,0,Mainstream customer
CUS7828,1,Discount customer
CUS7829,0,Mainstream customer
CUS783,1,Discount customer
CUS7830,0,Mainstream customer
CUS7831,0,Mainstream customer
CUS7832,1,Discount customer
CUS7833,1,Discount customer
CUS7834,0,Mainstream customer
CUS7835,3,Urban Trendy Berlin
CUS7836,1,Discount customer
CUS7837,0,Mainstream customer
CUS7838,0,Mainstream customer
CUS7839,0,Mainstream customer
CUS784,0,Mainstream customer
CUS7840,1,Discount customer
CUS7841,0,Mainstream customer
CUS7842,1,Discount customer
CUS7843,0,Mainstream customer
CUS7844,0,Mainstream customer
CUS7845,0,Mainstream customer
CUS7846,0,Mainstream customer
CUS7847,0,Mainstream customer
CUS7848,0,Mainstream customer
CUS7849,1,Discount customer
CUS785,0,Mainstream customer
CUS7850,1,Discount customer
CUS7851,0,Mainstream customer
CUS7852,0,Mainstream customer
CUS7853,0,Mainstream customer
CUS7854,0,Mainstream customer
CUS7855,0,Mainstream customer
CUS7856,0,Mainstream customer
CUS7857,1,Discount customer
CUS7858,0,Mainstream customer
CUS7859,0,Mainstream customer
CUS786,0,Mainstream customer
CUS7860,0,Mainstream customer
CUS7861,1,Discount customer
CUS7862,0,Mainstream customer
CUS7863,0,Mainstream customer
CUS7864,0,Mainstream customer
CUS7865,0,Mainstream customer
CUS7866,0,Mainstream customer
CUS7867,1,Discount customer
CUS7868,0,Mainstream customer
CUS7869,1,Discount customer
CUS787,0,Mainstream customer
CUS7870,1,Discount customer
CUS7871,0,Mainstream customer
CUS7872,0,Mainstream customer
CUS7873,0,Mainstream customer
CUS7874,1,Discount customer
CUS7875,0,Mainstream customer
CUS7876,0,Mainstream customer
CUS7877,0,Mainstream customer
CUS7878,0,Mainstream customer
CUS7879,1,Discount customer
CUS788,1,Discount customer
CUS7880,1,Discount customer
CUS7881,1,Discount customer
CUS7882,0,Mainstream customer
CUS7883,0,Mainstream customer
CUS7884,0,Mainstream customer
CUS7885,0,Mainstream customer
CUS7886,1,Discount customer
CUS7887,3,Urban Trendy Berlin
CUS7888,0,Mainstream customer
CUS7889,1,Discount customer
CUS789,0,Mainstream customer
CUS7890,0,Mainstream customer
CUS7891,1,Discount customer
CUS7892,0,Mainstream customer
CUS7893,1,Discount customer
CUS7894,0,Mainstream customer
CUS7895,0,Mainstream customer
CUS7896,1,Discount customer
CUS7897,1,Discount customer
CUS7898,0,Mainstream customer
CUS7899,1,Discount customer
CUS79,0,Mainstream customer
CUS790,0,Mainstream customer
CUS7900,1,Discount customer
CUS7901,0,Mainstream customer
CUS7902,0,Mainstream customer
CUS7903,1,Discount customer
CUS7904,1,Discount customer
CUS7905,3,Urban Trendy Berlin
CUS7906,0,Mainstream customer
CUS7907,1,Discount customer
CUS7908,1,Discount customer
CUS7909,0,Mainstream customer
CUS791,0,Mainstream customer
CUS7910,1,Discount customer
CUS7911,1,Discount customer
CUS7912,0,Mainstream customer
CUS7913,0,Mainstream customer
CUS7914,0,Mainstream customer
CUS7915,1,Discount customer
CUS7916,0,Mainstream customer
CUS7917,1,Discount customer
CUS7918,1,Discount customer
CUS7919,1,Discount customer
CUS792,0,Mainstream customer
CUS7920,0,Mainstream customer
CUS7921,1,Discount customer
CUS7922,1,Discount customer
CUS7923,1,Discount customer
CUS7924,0,Mainstream customer
CUS7925,1,Discount customer
CUS7926,0,Mainstream customer
CUS7927,0,Mainstream customer
CUS7928,1,Discount customer
CUS7929,1,Discount customer
CUS793,0,Mainstream customer
CUS7930,0,Mainstream customer
CUS7931,1,Discount customer
CUS7932,0,Mainstream customer
CUS7933,1,Discount customer
CUS7934,0,Mainstream customer
CUS7935,0,Mainstream customer
CUS7936,1,Discount customer
CUS7937,0,Mainstream customer
CUS7938,0,Mainstream customer
CUS7939,0,Mainstream customer
CUS794,0,Mainstream customer
CUS7940,1,Discount customer
CUS7941,0,Mainstream customer
CUS7942,0,Mainstream customer
CUS7943,0,Mainstream customer
CUS7944,0,Mainstream customer
CUS7945,1,Discount customer
CUS7946,0,Mainstream customer
CUS7947,1,Discount customer
CUS7948,1,Discount customer
CUS7949,0,Mainstream customer
CUS795,1,Discount customer
CUS7950,1,Discount customer
CUS7951,1,Discount customer
CUS7952,1,Discount customer
CUS7953,0,Mainstream customer
CUS7954,0,Mainstream customer
CUS7955,0,Mainstream customer
CUS7956,0,Mainstream customer
CUS7957,1,Discount customer
CUS7958,0,Mainstream customer
CUS7959,0,Mainstream customer
CUS796,1,Discount customer
CUS7960,2,Premium Bremen Niche
CUS7961,0,Mainstream customer
CUS7962,0,Mainstream customer
CUS7963,0,Mainstream customer
CUS7964,0,Mainstream customer
CUS7965,0,Mainstream customer
CUS7966,1,Discount customer
CUS7967,0,Mainstream customer
CUS7968,0,Mainstream customer
CUS7969,1,Discount customer
CUS797,0,Mainstream customer
CUS7970,1,Discount customer
CUS7971,0,Mainstream customer
CUS7972,1,Discount customer
CUS7973,0,Mainstream customer
CUS7974,1,Discount customer
CUS7975,1,Discount customer
CUS7976,0,Mainstream customer
CUS7977,1,Discount customer
CUS7978,0,Mainstream customer
CUS7979,0,Mainstream customer
CUS798,0,Mainstream customer
CUS7980,1,Discount customer
CUS7981,1,Discount customer
CUS7982,2,Premium Bremen Niche
CUS7983,0,Mainstream customer
CUS7984,0,Mainstream customer
CUS7985,1,Discount customer
CUS7986,1,Discount customer
CUS7987,0,Mainstream customer
CUS7988,0,Mainstream customer
CUS7989,0,Mainstream customer
CUS799,0,Mainstream customer
CUS7990,0,Mainstream customer
CUS7991,0,Mainstream customer
CUS7992,0,Mainstream customer
CUS7993,0,Mainstream customer
CUS7994,0,Mainstream customer
CUS7995,0,Mainstream customer
CUS7996,1,Discount customer
CUS7997,0,Mainstream customer
CUS7998,1,Discount customer
CUS7999,0,Mainstream customer
CUS8,1,Discount customer
CUS80,0,Mainstream customer
CUS800,1,Discount customer
CUS8000,0,Mainstream customer
CUS8001,0,Mainstream customer
CUS8002,1,Discount customer
CUS8003,1,Discount customer
CUS8004,0,Mainstream customer
CUS8005,0,Mainstream customer
CUS8006,0,Mainstream customer
CUS8007,1,Discount customer
CUS8008,1,Discount customer
CUS8009,1,Discount customer
CUS801,1,Discount customer
CUS8010,0,Mainstream customer
CUS8011,1,Discount customer
CUS8012,0,Mainstream customer
CUS8013,0,Mainstream customer
CUS8014,0,Mainstream customer
CUS8015,0,Mainstream customer
CUS8016,1,Discount customer
CUS8017,0,Mainstream customer
CUS8018,0,Mainstream customer
CUS8019,0,Mainstream customer
CUS802,1,Discount customer
CUS8020,1,Discount customer
CUS8021,0,Mainstream customer
CUS8022,0,Mainstream customer
CUS8023,1,Discount customer
CUS8024,0,Mainstream customer
CUS8025,1,Discount customer
CUS8026,1,Discount customer
CUS8027,0,Mainstream customer
CUS8028,0,Mainstream customer
CUS8029,0,Mainstream customer
CUS803,1,Discount customer
CUS8030,0,Mainstream customer
CUS8031,1,Discount customer
CUS8032,0,Mainstream customer
CUS8033,0,Mainstream customer
CUS8034,0,Mainstream customer
CUS8035,0,Mainstream customer
CUS8036,0,Mainstream customer
CUS8037,0,Mainstream customer
CUS8038,0,Mainstream customer
CUS8039,1,Discount customer
CUS804,0,Mainstream customer
CUS8040,0,Mainstream customer
CUS8041,0,Mainstream customer
CUS8042,0,Mainstream customer
CUS8043,0,Mainstream customer
CUS8044,0,Mainstream customer
CUS8045,0,Mainstream customer
CUS8046,1,Discount customer
CUS8047,1,Discount customer
CUS8048,0,Mainstream customer
CUS8049,1,Discount customer
CUS805,0,Mainstream customer
CUS8050,0,Mainstream customer
CUS8051,1,Discount customer
CUS8052,0,Mainstream customer
CUS8053,0,Mainstream customer
CUS8054,0,Mainstream customer
CUS8055,0,Mainstream customer
CUS8056,1,Discount customer
CUS8057,1,Discount customer
CUS8058,0,Mainstream customer
CUS8059,0,Mainstream customer
CUS806,0,Mainstream customer
CUS8060,0,Mainstream customer
CUS8061,0,Mainstream customer
CUS8062,0,Mainstream customer
CUS8063,1,Discount customer
CUS8064,1,Discount customer
CUS8065,0,Mainstream customer
CUS8066,1,Discount customer
CUS8067,1,Discount customer
CUS8068,1,Discount customer
CUS8069,0,Mainstream customer
CUS807,0,Mainstream customer
CUS8070,1,Discount customer
CUS8071,1,Discount customer
CUS8072,0,Mainstream customer
CUS8073,0,Mainstream customer
CUS8074,1,Discount customer
CUS8075,1,Discount customer
CUS8076,0,Mainstream customer
CUS8077,0,Mainstream customer
CUS8078,1,Discount customer
CUS8079,0,Mainstream customer
CUS808,1,Discount customer
CUS8080,0,Mainstream customer
CUS8081,0,Mainstream customer
CUS8082,0,Mainstream customer
CUS8083,0,Mainstream customer
CUS8084,0,Mainstream customer
CUS8085,0,Mainstream customer
CUS8086,1,Discount customer
CUS8087,1,Discount customer
CUS8088,0,Mainstream customer
CUS8089,1,Discount customer
CUS809,1,Discount customer
CUS8090,0,Mainstream customer
CUS8091,0,Mainstream customer
CUS8092,0,Mainstream customer
CUS8093,0,Mainstream customer
CUS8094,0,Mainstream customer
CUS8095,1,Discount customer
CUS8096,1,Discount customer
CUS8097,0,Mainstream customer
CUS8098,1,Discount customer
CUS8099,1,Discount customer
CUS81,0,Mainstream customer
CUS810,1,Discount customer
CUS8100,1,Discount customer
CUS8101,0,Mainstream customer
CUS8102,0,Mainstream customer
CUS8103,1,Discount customer
CUS8104,0,Mainstream customer
CUS8105,0,Mainstream customer
CUS8106,3,Urban Trendy Berlin
CUS8107,3,Urban Trendy Berlin
CUS8108,0,Mainstream customer
CUS8109,1,Discount customer
CUS811,0,Mainstream customer
CUS8110,0,Mainstream customer
CUS8111,0,Mainstream customer
CUS8112,0,Mainstream customer
CUS8113,0,Mainstream customer
CUS8114,1,Discount customer
CUS8115,0,Mainstream customer
CUS8116,0,Mainstream customer
CUS8117,0,Mainstream customer
CUS8118,0,Mainstream customer
CUS8119,0,Mainstream customer
CUS812,0,Mainstream customer
CUS8120,1,Discount customer
CUS8121,0,Mainstream customer
CUS8122,0,Mainstream customer
CUS8123,0,Mainstream customer
CUS8124,1,Discount customer
CUS8125,0,Mainstream customer
CUS8126,1,Discount customer
CUS8127,0,Mainstream customer
CUS8128,0,Mainstream customer
CUS8129,1,Discount customer
CUS813,1,Discount customer
CUS8130,0,Mainstream customer
CUS8131,1,Discount customer
CUS8132,0,Mainstream customer
CUS8133,0,Mainstream customer
CUS8134,0,Mainstream customer
CUS8135,0,Mainstream customer
CUS8136,0,Mainstream customer
CUS8137,0,Mainstream customer
CUS8138,1,Discount customer
CUS8139,0,Mainstream customer
CUS814,0,Mainstream customer
CUS8140,0,Mainstream customer
CUS8141,1,Discount customer
CUS8142,0,Mainstream customer
CUS8143,0,Mainstream customer
CUS8144,1,Discount customer
CUS8145,0,Mainstream customer
CUS8146,0,Mainstream customer
CUS8147,0,Mainstream customer
CUS8148,1,Discount customer
CUS8149,1,Discount customer
CUS815,1,Discount customer
CUS8150,0,Mainstream customer
CUS8151,2,Premium Bremen Niche
CUS8152,0,Mainstream customer
CUS8153,0,Mainstream customer
CUS8154,3,Urban Trendy Berlin
CUS8155,0,Mainstream customer
CUS8156,0,Mainstream customer
CUS8157,0,Mainstream customer
CUS8158,1,Discount customer
CUS8159,1,Discount customer
CUS816,2,Premium Bremen Niche
CUS8160,0,Mainstream customer
CUS8161,0,Mainstream customer
CUS8162,2,Premium Bremen Niche
CUS8163,0,Mainstream customer
CUS8164,0,Mainstream customer
CUS8165,1,Discount customer
CUS8166,0,Mainstream customer
CUS8167,0,Mainstream customer
CUS8168,1,Discount customer
CUS8169,3,Urban Trendy Berlin
CUS817,0,Mainstream customer
CUS8170,0,Mainstream customer
CUS8171,0,Mainstream customer
CUS8172,1,Discount customer
CUS8173,1,Discount customer
CUS8174,0,Mainstream customer
CUS8175,0,Mainstream customer
CUS8176,0,Mainstream customer
CUS8177,2,Premium Bremen Niche
CUS8178,3,Urban Trendy Berlin
CUS8179,0,Mainstream customer
CUS818,0,Mainstream customer
CUS8180,1,Discount customer
CUS8181,0,Mainstream customer
CUS8182,1,Discount customer
CUS8183,3,Urban Trendy Berlin
CUS8184,0,Mainstream customer
CUS8185,1,Discount customer
CUS8186,1,Discount customer
CUS8187,0,Mainstream customer
CUS8188,1,Discount customer
CUS8189,0,Mainstream customer
CUS819,1,Discount customer
CUS8190,0,Mainstream customer
CUS8191,0,Mainstream customer
CUS8192,0,Mainstream customer
CUS8193,0,Mainstream customer
CUS8194,0,Mainstream customer
CUS8195,0,Mainstream customer
CUS8196,0,Mainstream customer
CUS8197,0,Mainstream customer
CUS8198,0,Mainstream customer
CUS8199,0,Mainstream customer
CUS82,1,Discount customer
CUS820,0,Mainstream customer
CUS8200,1,Discount customer
CUS8201,0,Mainstream customer
CUS8202,0,Mainstream customer
CUS8203,0,Mainstream customer
CUS8204,1,Discount customer
CUS8205,0,Mainstream customer
CUS8206,1,Discount customer
CUS8207,0,Mainstream customer
CUS8208,0,Mainstream customer
CUS8209,0,Mainstream customer
CUS821,1,Discount customer
CUS8210,0,Mainstream customer
CUS8211,0,Mainstream customer
CUS8212,0,Mainstream customer
CUS8213,0,Mainstream customer
CUS8214,0,Mainstream customer
CUS8215,1,Discount customer
CUS8216,1,Discount customer
CUS8217,0,Mainstream customer
CUS8218,1,Discount customer
CUS8219,0,Mainstream customer
CUS822,0,Mainstream customer
CUS8220,0,Mainstream customer
CUS8221,1,Discount customer
CUS8222,1,Discount customer
CUS8223,0,Mainstream customer
CUS8224,1,Discount customer
CUS8225,0,Mainstream customer
CUS8226,2,Premium Bremen Niche
CUS8227,0,Mainstream customer
CUS8228,0,Mainstream customer
CUS8229,0,Mainstream customer
CUS823,1,Discount customer
CUS8230,0,Mainstream customer
CUS8231,1,Discount customer
CUS8232,3,Urban Trendy Berlin
CUS8233,1,Discount customer
CUS8234,1,Discount customer
CUS8235,1,Discount customer
CUS8236,0,Mainstream customer
CUS8237,0,Mainstream customer
CUS8238,1,Discount customer
CUS8239,0,Mainstream customer
CUS824,1,Discount customer
CUS8240,1,Discount customer
CUS8241,0,Mainstream customer
CUS8242,0,Mainstream customer
CUS8243,1,Discount customer
CUS8244,0,Mainstream customer
CUS8245,3,Urban Trendy Berlin
CUS8246,1,Discount customer
CUS8247,0,Mainstream customer
CUS8248,1,Discount customer
CUS8249,1,Discount customer
CUS825,1,Discount customer
CUS8250,1,Discount customer
CUS8251,1,Discount customer
CUS8252,0,Mainstream customer
CUS8253,0,Mainstream customer
CUS8254,1,Discount customer
CUS8255,1,Discount customer
CUS8256,0,Mainstream customer
CUS8257,0,Mainstream customer
CUS8258,0,Mainstream customer
CUS8259,0,Mainstream customer
CUS826,1,Discount customer
CUS8260,0,Mainstream customer
CUS8261,1,Discount customer
CUS8262,1,Discount customer
CUS8263,1,Discount customer
CUS8264,0,Mainstream customer
CUS8265,0,Mainstream customer
CUS8266,1,Discount customer
CUS8267,0,Mainstream customer
CUS8268,0,Mainstream customer
CUS8269,1,Discount customer
CUS827,0,Mainstream customer
CUS8270,0,Mainstream customer
CUS8271,0,Mainstream customer
CUS8272,1,Discount customer
CUS8273,1,Discount customer
CUS8274,0,Mainstream customer
CUS8275,1,Discount customer
CUS8276,0,Mainstream customer
CUS8277,1,Discount customer
CUS8278,1,Discount customer
CUS8279,0,Mainstream customer
CUS828,0,Mainstream customer
CUS8280,0,Mainstream customer
CUS8281,0,Mainstream customer
CUS8282,1,Discount customer
CUS8283,0,Mainstream customer
CUS8284,0,Mainstream customer
CUS8285,0,Mainstream customer
CUS8286,0,Mainstream customer
CUS8287,0,Mainstream customer
CUS8288,1,Discount customer
CUS8289,0,Mainstream customer
CUS829,1,Discount customer
CUS8290,0,Mainstream customer
CUS8291,0,Mainstream customer
CUS8292,1,Discount customer
CUS8293,0,Mainstream customer
CUS8294,1,Discount customer
CUS8295,0,Mainstream customer
CUS8296,0,Mainstream customer
CUS8297,0,Mainstream customer
CUS8298,0,Mainstream customer
CUS8299,0,Mainstream customer
CUS83,0,Mainstream customer
CUS830,0,Mainstream customer
CUS8300,1,Discount customer
CUS8301,0,Mainstream customer
CUS8302,0,Mainstream customer
CUS8303,1,Discount customer
CUS8304,3,Urban Trendy Berlin
CUS8305,1,Discount customer
CUS8306,0,Mainstream customer
CUS8307,1,Discount customer
CUS8308,0,Mainstream customer
CUS8309,1,Discount customer
CUS831,0,Mainstream customer
CUS8310,0,Mainstream customer
CUS8311,0,Mainstream customer
CUS8312,0,Mainstream customer
CUS8313,0,Mainstream customer
CUS8314,0,Mainstream customer
CUS8315,0,Mainstream customer
CUS8316,1,Discount customer
CUS8317,0,Mainstream customer
CUS8318,0,Mainstream customer
CUS8319,0,Mainstream customer
CUS832,0,Mainstream customer
CUS8320,0,Mainstream customer
CUS8321,1,Discount customer
CUS8322,0,Mainstream customer
CUS8323,1,Discount customer
CUS8324,1,Discount customer
CUS8325,0,Mainstream customer
CUS8326,1,Discount customer
CUS8327,0,Mainstream customer
CUS8328,0,Mainstream customer
CUS8329,0,Mainstream customer
CUS833,0,Mainstream customer
CUS8330,0,Mainstream customer
CUS8331,0,Mainstream customer
CUS8332,0,Mainstream customer
CUS8333,2,Premium Bremen Niche
CUS8334,0,Mainstream customer
CUS8335,2,Premium Bremen Niche
CUS8336,0,Mainstream customer
CUS8337,1,Discount customer
CUS8338,1,Discount customer
CUS8339,3,Urban Trendy Berlin
CUS834,0,Mainstream customer
CUS8340,0,Mainstream customer
CUS8341,1,Discount customer
CUS8342,1,Discount customer
CUS8343,0,Mainstream customer
CUS8344,0,Mainstream customer
CUS8345,1,Discount customer
CUS8346,1,Discount customer
CUS8347,0,Mainstream customer
CUS8348,1,Discount customer
CUS8349,0,Mainstream customer
CUS835,0,Mainstream customer
CUS8350,0,Mainstream customer
CUS8351,1,Discount customer
CUS8352,0,Mainstream customer
CUS8353,1,Discount customer
CUS8354,0,Mainstream customer
CUS8355,0,Mainstream customer
CUS8356,0,Mainstream customer
CUS8357,0,Mainstream customer
CUS8358,0,Mainstream customer
CUS8359,0,Mainstream customer
CUS836,1,Discount customer
CUS8360,1,Discount customer
CUS8361,0,Mainstream customer
CUS8362,0,Mainstream customer
CUS8363,0,Mainstream customer
CUS8364,0,Mainstream customer
CUS8365,0,Mainstream customer
CUS8366,1,Discount customer
CUS8367,0,Mainstream customer
CUS8368,0,Mainstream customer
CUS8369,0,Mainstream customer
CUS837,0,Mainstream customer
CUS8370,0,Mainstream customer
CUS8371,2,Premium Bremen Niche
CUS8372,0,Mainstream customer
CUS8373,1,Discount customer
CUS8374,0,Mainstream customer
CUS8375,1,Discount customer
CUS8376,1,Discount customer
CUS8377,0,Mainstream customer
CUS8378,0,Mainstream customer
CUS8379,1,Discount customer
CUS838,0,Mainstream customer
CUS8380,0,Mainstream customer
CUS8381,1,Discount customer
CUS8382,0,Mainstream customer
CUS8383,0,Mainstream customer
CUS8384,1,Discount customer
CUS8385,1,Discount customer
CUS8386,0,Mainstream customer
CUS8387,0,Mainstream customer
CUS8388,0,Mainstream customer
CUS8389,0,Mainstream customer
CUS839,0,Mainstream customer
CUS8390,1,Discount customer
CUS8391,1,Discount customer
CUS8392,0,Mainstream customer
CUS8393,0,Mainstream customer
CUS8394,0,Mainstream customer
CUS8395,0,Mainstream customer
CUS8396,1,Discount customer
CUS8397,0,Mainstream customer
CUS8398,2,Premium Bremen Niche
CUS8399,0,Mainstream customer
CUS84,0,Mainstream customer
CUS840,0,Mainstream customer
CUS8400,0,Mainstream customer
CUS8401,0,Mainstream customer
CUS8402,0,Mainstream customer
CUS8403,0,Mainstream customer
CUS8404,2,Premium Bremen Niche
CUS8405,1,Discount customer
CUS8406,1,Discount customer
CUS8407,1,Discount customer
CUS8408,0,Mainstream customer
CUS8409,1,Discount customer
CUS841,0,Mainstream customer
CUS8410,0,Mainstream customer
CUS8411,0,Mainstream customer
CUS8412,0,Mainstream customer
CUS8413,0,Mainstream customer
CUS8414,0,Mainstream customer
CUS8415,1,Discount customer
CUS8416,0,Mainstream customer
CUS8417,0,Mainstream customer
CUS8418,0,Mainstream customer
CUS8419,0,Mainstream customer
CUS842,0,Mainstream customer
CUS8420,0,Mainstream customer
CUS8421,1,Discount customer
CUS8422,1,Discount customer
CUS8423,0,Mainstream customer
CUS8424,0,Mainstream customer
CUS8425,0,Mainstream customer
CUS8426,1,Discount customer
CUS8427,1,Discount customer
CUS8428,0,Mainstream customer
CUS8429,0,Mainstream customer
CUS843,1,Discount customer
CUS8430,0,Mainstream customer
CUS8431,0,Mainstream customer
CUS8432,3,Urban Trendy Berlin
CUS8433,0,Mainstream customer
CUS8434,1,Discount customer
CUS8435,1,Discount customer
CUS8436,1,Discount customer
CUS8437,0,Mainstream customer
CUS8438,0,Mainstream customer
CUS8439,0,Mainstream customer
CUS844,0,Mainstream customer
CUS8440,0,Mainstream customer
CUS8441,0,Mainstream customer
CUS8442,0,Mainstream customer
CUS8443,0,Mainstream customer
CUS8444,0,Mainstream customer
CUS8445,1,Discount customer
CUS8446,0,Mainstream customer
CUS8447,0,Mainstream customer
CUS8448,1,Discount customer
CUS8449,0,Mainstream customer
CUS845,0,Mainstream customer
CUS8450,1,Discount customer
CUS8451,0,Mainstream customer
CUS8452,0,Mainstream customer
CUS8453,1,Discount customer
CUS8454,1,Discount customer
CUS8455,0,Mainstream customer
CUS8456,0,Mainstream customer
CUS8457,0,Mainstream customer
CUS8458,0,Mainstream customer
CUS8459,0,Mainstream customer
CUS846,3,Urban Trendy Berlin
CUS8460,0,Mainstream customer
CUS8461,0,Mainstream customer
CUS8462,0,Mainstream customer
CUS8463,1,Discount customer
CUS8464,0,Mainstream customer
CUS8465,0,Mainstream customer
CUS8466,0,Mainstream customer
CUS8467,1,Discount customer
CUS8468,0,Mainstream customer
CUS8469,0,Mainstream customer
CUS847,0,Mainstream customer
CUS8470,0,Mainstream customer
CUS8471,1,Discount customer
CUS8472,1,Discount customer
CUS8473,1,Discount customer
CUS8474,1,Discount customer
CUS8475,0,Mainstream customer
CUS8476,0,Mainstream customer
CUS8477,0,Mainstream customer
CUS8478,1,Discount customer
CUS8479,1,Discount customer
CUS848,0,Mainstream customer
CUS8480,0,Mainstream customer
CUS8481,1,Discount customer
CUS8482,0,Mainstream customer
CUS8483,3,Urban Trendy Berlin
CUS8484,1,Discount customer
CUS8485,0,Mainstream customer
CUS8486,2,Premium Bremen Niche
CUS8487,1,Discount customer
CUS8488,1,Discount customer
CUS8489,1,Discount customer
CUS849,0,Mainstream customer
CUS8490,0,Mainstream customer
CUS8491,0,Mainstream customer
CUS8492,1,Discount customer
CUS8493,0,Mainstream customer
CUS8494,0,Mainstream customer
CUS8495,0,Mainstream customer
CUS8496,1,Discount customer
CUS8497,0,Mainstream customer
CUS8498,0,Mainstream customer
CUS8499,0,Mainstream customer
CUS85,1,Discount customer
CUS850,0,Mainstream customer
CUS8500,0,Mainstream customer
CUS8501,1,Discount customer
CUS8502,0,Mainstream customer
CUS8503,1,Discount customer
CUS8504,1,Discount customer
CUS8505,1,Discount customer
CUS8506,0,Mainstream customer
CUS8507,0,Mainstream customer
CUS8508,0,Mainstream customer
CUS8509,1,Discount customer
CUS851,0,Mainstream customer
CUS8510,0,Mainstream customer
CUS8511,0,Mainstream customer
CUS8512,0,Mainstream customer
CUS8513,0,Mainstream customer
CUS8514,1,Discount customer
CUS8515,2,Premium Bremen Niche
CUS8516,0,Mainstream customer
CUS8517,0,Mainstream customer
CUS8518,0,Mainstream customer
CUS8519,0,Mainstream customer
CUS852,1,Discount customer
CUS8520,0,Mainstream customer
CUS8521,0,Mainstream customer
CUS8522,1,Discount customer
CUS8523,0,Mainstream customer
CUS8524,0,Mainstream customer
CUS8525,1,Discount customer
CUS8526,0,Mainstream customer
CUS8527,0,Mainstream customer
CUS8528,0,Mainstream customer
CUS8529,0,Mainstream customer
CUS853,1,Discount customer
CUS8530,0,Mainstream customer
CUS8531,0,Mainstream customer
CUS8532,3,Urban Trendy Berlin
CUS8533,1,Discount customer
CUS8534,1,Discount customer
CUS8535,0,Mainstream customer
CUS8536,0,Mainstream customer
CUS8537,0,Mainstream customer
CUS8538,0,Mainstream customer
CUS8539,1,Discount customer
CUS854,1,Discount customer
CUS8540,1,Discount customer
CUS8541,0,Mainstream customer
CUS8542,0,Mainstream customer
CUS8543,0,Mainstream customer
CUS8544,3,Urban Trendy Berlin
CUS8545,0,Mainstream customer
CUS8546,1,Discount customer
CUS8547,1,Discount customer
CUS8548,0,Mainstream customer
CUS8549,1,Discount customer
CUS855,0,Mainstream customer
CUS8550,1,Discount customer
CUS8551,1,Discount customer
CUS8552,3,Urban Trendy Berlin
CUS8553,1,Discount customer
CUS8554,2,Premium Bremen Niche
CUS8555,1,Discount customer
CUS8556,0,Mainstream customer
CUS8557,0,Mainstream customer
CUS8558,0,Mainstream customer
CUS8559,0,Mainstream customer
CUS856,0,Mainstream customer
CUS8560,2,Premium Bremen Niche
CUS8561,0,Mainstream customer
CUS8562,0,Mainstream customer
CUS8563,0,Mainstream customer
CUS8564,0,Mainstream customer
CUS8565,1,Discount customer
CUS8566,0,Mainstream customer
CUS8567,1,Discount customer
CUS8568,1,Discount customer
CUS8569,0,Mainstream customer
CUS857,0,Mainstream customer
CUS8570,0,Mainstream customer
CUS8571,1,Discount customer
CUS8572,0,Mainstream customer
CUS8573,0,Mainstream customer
CUS8574,0,Mainstream customer
CUS8575,0,Mainstream customer
CUS8576,0,Mainstream customer
CUS8577,1,Discount customer
CUS8578,0,Mainstream customer
CUS8579,0,Mainstream customer
CUS858,2,Premium Bremen Niche
CUS8580,0,Mainstream customer
CUS8581,0,Mainstream customer
CUS8582,0,Mainstream customer
CUS8583,1,Discount customer
CUS8584,0,Mainstream customer
CUS8585,1,Discount customer
CUS8586,1,Discount customer
CUS8587,0,Mainstream customer
CUS8588,0,Mainstream customer
CUS8589,0,Mainstream customer
CUS859,0,Mainstream customer
CUS8590,0,Mainstream customer
CUS8591,0,Mainstream customer
CUS8592,1,Discount customer
CUS8593,0,Mainstream customer
CUS8594,1,Discount customer
CUS8595,0,Mainstream customer
CUS8596,0,Mainstream customer
CUS8597,1,Discount customer
CUS8598,1,Discount customer
CUS8599,0,Mainstream customer
CUS86,1,Discount customer
CUS860,0,Mainstream customer
CUS8600,0,Mainstream customer
CUS8601,1,Discount customer
CUS8602,0,Mainstream customer
CUS8603,0,Mainstream customer
CUS8604,0,Mainstream customer
CUS8605,1,Discount customer
CUS8606,0,Mainstream customer
CUS8607,0,Mainstream customer
CUS8608,0,Mainstream customer
CUS8609,0,Mainstream customer
CUS861,0,Mainstream customer
CUS8610,1,Discount customer
CUS8611,1,Discount customer
CUS8612,0,Mainstream customer
CUS8613,0,Mainstream customer
CUS8614,0,Mainstream customer
CUS8615,1,Discount customer
CUS8616,0,Mainstream customer
CUS8617,0,Mainstream customer
CUS8618,0,Mainstream customer
CUS8619,0,Mainstream customer
CUS862,1,Discount customer
CUS8620,0,Mainstream customer
CUS8621,0,Mainstream customer
CUS8622,0,Mainstream customer
CUS8623,0,Mainstream customer
CUS8624,0,Mainstream customer
CUS8625,0,Mainstream customer
CUS8626,1,Discount customer
CUS8627,1,Discount customer
CUS8628,0,Mainstream customer
CUS8629,0,Mainstream customer
CUS863,0,Mainstream customer
CUS8630,0,Mainstream customer
CUS8631,1,Discount customer
CUS8632,0,Mainstream customer
CUS8633,1,Discount customer
CUS8634,0,Mainstream customer
CUS8635,0,Mainstream customer
CUS8636,1,Discount customer
CUS8637,0,Mainstream customer
CUS8638,0,Mainstream customer
CUS8639,0,Mainstream customer
CUS864,0,Mainstream customer
CUS8640,3,Urban Trendy Berlin
CUS8641,0,Mainstream customer
CUS8642,0,Mainstream customer
CUS8643,0,Mainstream customer
CUS8644,0,Mainstream customer
CUS8645,0,Mainstream customer
CUS8646,0,Mainstream customer
CUS8647,0,Mainstream customer
CUS8648,0,Mainstream customer
CUS8649,0,Mainstream customer
CUS865,1,Discount customer
CUS8650,0,Mainstream customer
CUS8651,0,Mainstream customer
CUS8652,0,Mainstream customer
CUS8653,0,Mainstream customer
CUS8654,1,Discount customer
CUS8655,1,Discount customer
CUS8656,0,Mainstream customer
CUS8657,1,Discount customer
CUS8658,0,Mainstream customer
CUS8659,0,Mainstream customer
CUS866,1,Discount customer
CUS8660,0,Mainstream customer
CUS8661,1,Discount customer
CUS8662,1,Discount customer
CUS8663,0,Mainstream customer
CUS8664,1,Discount customer
CUS8665,1,Discount customer
CUS8666,1,Discount customer
CUS8667,1,Discount customer
CUS8668,1,Discount customer
CUS8669,0,Mainstream customer
CUS867,0,Mainstream customer
CUS8670,0,Mainstream customer
CUS8671,1,Discount customer
CUS8672,0,Mainstream customer
CUS8673,0,Mainstream customer
CUS8674,1,Discount customer
CUS8675,0,Mainstream customer
CUS8676,1,Discount customer
CUS8677,1,Discount customer
CUS8678,0,Mainstream customer
CUS8679,1,Discount customer
CUS868,1,Discount customer
CUS8680,0,Mainstream customer
CUS8681,0,Mainstream customer
CUS8682,0,Mainstream customer
CUS8683,0,Mainstream customer
CUS8684,0,Mainstream customer
CUS8685,1,Discount customer
CUS8686,0,Mainstream customer
CUS8687,1,Discount customer
CUS8688,0,Mainstream customer
CUS8689,1,Discount customer
CUS869,0,Mainstream customer
CUS8690,0,Mainstream customer
CUS8691,0,Mainstream customer
CUS8692,1,Discount customer
CUS8693,0,Mainstream customer
CUS8694,1,Discount customer
CUS8695,0,Mainstream customer
CUS8696,0,Mainstream customer
CUS8697,0,Mainstream customer
CUS8698,0,Mainstream customer
CUS8699,1,Discount customer
CUS87,0,Mainstream customer
CUS870,0,Mainstream customer
CUS8700,1,Discount customer
CUS8701,1,Discount customer
CUS8702,0,Mainstream customer
CUS8703,0,Mainstream customer
CUS8704,0,Mainstream customer
CUS8705,1,Discount customer
CUS8706,0,Mainstream customer
CUS8707,0,Mainstream customer
CUS8708,1,Discount customer
CUS8709,0,Mainstream customer
CUS871,1,Discount customer
CUS8710,1,Discount customer
CUS8711,0,Mainstream customer
CUS8712,0,Mainstream customer
CUS8713,0,Mainstream customer
CUS8714,0,Mainstream customer
CUS8715,0,Mainstream customer
CUS8716,0,Mainstream customer
CUS8717,0,Mainstream customer
CUS8718,0,Mainstream customer
CUS8719,0,Mainstream customer
CUS872,0,Mainstream customer
CUS8720,1,Discount customer
CUS8721,0,Mainstream customer
CUS8722,0,Mainstream customer
CUS8723,0,Mainstream customer
CUS8724,0,Mainstream customer
CUS8725,1,Discount customer
CUS8726,0,Mainstream customer
CUS8727,2,Premium Bremen Niche
CUS8728,1,Discount customer
CUS8729,1,Discount customer
CUS873,1,Discount customer
CUS8730,0,Mainstream customer
CUS8731,1,Discount customer
CUS8732,0,Mainstream customer
CUS8733,0,Mainstream customer
CUS8734,1,Discount customer
CUS8735,1,Discount customer
CUS8736,0,Mainstream customer
CUS8737,3,Urban Trendy Berlin
CUS8738,0,Mainstream customer
CUS8739,0,Mainstream customer
CUS874,0,Mainstream customer
CUS8740,1,Discount customer
CUS8741,0,Mainstream customer
CUS8742,0,Mainstream customer
CUS8743,0,Mainstream customer
CUS8744,0,Mainstream customer
CUS8745,0,Mainstream customer
CUS8746,3,Urban Trendy Berlin
CUS8747,0,Mainstream customer
CUS8748,0,Mainstream customer
CUS8749,2,Premium Bremen Niche
CUS875,1,Discount customer
CUS8750,1,Discount customer
CUS8751,0,Mainstream customer
CUS8752,0,Mainstream customer
CUS8753,0,Mainstream customer
CUS8754,2,Premium Bremen Niche
CUS8755,0,Mainstream customer
CUS8756,0,Mainstream customer
CUS8757,0,Mainstream customer
CUS8758,0,Mainstream customer
CUS8759,0,Mainstream customer
CUS876,0,Mainstream customer
CUS8760,0,Mainstream customer
CUS8761,0,Mainstream customer
CUS8762,0,Mainstream customer
CUS8763,2,Premium Bremen Niche
CUS8764,1,Discount customer
CUS8765,1,Discount customer
CUS8766,0,Mainstream customer
CUS8767,0,Mainstream customer
CUS8768,0,Mainstream customer
CUS8769,1,Discount customer
CUS877,0,Mainstream customer
CUS8770,1,Discount customer
CUS8771,0,Mainstream customer
CUS8772,1,Discount customer
CUS8773,1,Discount customer
CUS8774,1,Discount customer
CUS8775,0,Mainstream customer
CUS8776,0,Mainstream customer
CUS8777,2,Premium Bremen Niche
CUS8778,0,Mainstream customer
CUS8779,1,Discount customer
CUS878,0,Mainstream customer
CUS8780,0,Mainstream customer
CUS8781,0,Mainstream customer
CUS8782,1,Discount customer
CUS8783,0,Mainstream customer
CUS8784,1,Discount customer
CUS8785,0,Mainstream customer
CUS8786,0,Mainstream customer
CUS8787,0,Mainstream customer
CUS8788,0,Mainstream customer
CUS8789,0,Mainstream customer
CUS879,1,Discount customer
CUS8790,0,Mainstream customer
CUS8791,0,Mainstream customer
CUS8792,0,Mainstream customer
CUS8793,0,Mainstream customer
CUS8794,0,Mainstream customer
CUS8795,0,Mainstream customer
CUS8796,0,Mainstream customer
CUS8797,0,Mainstream customer
CUS8798,0,Mainstream customer
CUS8799,0,Mainstream customer
CUS88,0,Mainstream customer
CUS880,1,Discount customer
CUS8800,0,Mainstream customer
CUS8801,0,Mainstream customer
CUS8802,0,Mainstream customer
CUS8803,1,Discount customer
CUS8804,1,Discount customer
CUS8805,0,Mainstream customer
CUS8806,0,Mainstream customer
CUS8807,1,Discount customer
CUS8808,0,Mainstream customer
CUS8809,0,Mainstream customer
CUS881,1,Discount customer
CUS8810,0,Mainstream customer
CUS8811,1,Discount customer
CUS8812,1,Discount customer
CUS8813,0,Mainstream customer
CUS8814,0,Mainstream customer
CUS8815,0,Mainstream customer
CUS8816,0,Mainstream customer
CUS8817,1,Discount customer
CUS8818,0,Mainstream customer
CUS8819,2,Premium Bremen Niche
CUS882,0,Mainstream customer
CUS8820,1,Discount customer
CUS8821,0,Mainstream customer
CUS8822,1,Discount customer
CUS8823,0,Mainstream customer
CUS8824,0,Mainstream customer
CUS8825,1,Discount customer
CUS8826,1,Discount customer
CUS8827,1,Discount customer
CUS8828,0,Mainstream customer
CUS8829,2,Premium Bremen Niche
CUS883,0,Mainstream customer
CUS8830,0,Mainstream customer
CUS8831,0,Mainstream customer
CUS8832,0,Mainstream customer
CUS8833,2,Premium Bremen Niche
CUS8834,1,Discount customer
CUS8835,1,Discount customer
CUS8836,0,Mainstream customer
CUS8837,0,Mainstream customer
CUS8838,1,Discount customer
CUS8839,0,Mainstream customer
CUS884,1,Discount customer
CUS8840,1,Discount customer
CUS8841,1,Discount customer
CUS8842,1,Discount customer
CUS8843,1,Discount customer
CUS8844,0,Mainstream customer
CUS8845,0,Mainstream customer
CUS8846,0,Mainstream customer
CUS8847,1,Discount customer
CUS8848,0,Mainstream customer
CUS8849,0,Mainstream customer
CUS885,0,Mainstream customer
CUS8850,1,Discount customer
CUS8851,0,Mainstream customer
CUS8852,1,Discount customer
CUS8853,0,Mainstream customer
CUS8854,0,Mainstream customer
CUS8855,1,Discount customer
CUS8856,0,Mainstream customer
CUS8857,0,Mainstream customer
CUS8858,2,Premium Bremen Niche
CUS8859,1,Discount customer
CUS886,1,Discount customer
CUS8860,0,Mainstream customer
CUS8861,1,Discount customer
CUS8862,1,Discount customer
CUS8863,0,Mainstream customer
CUS8864,0,Mainstream customer
CUS8865,0,Mainstream customer
CUS8866,0,Mainstream customer
CUS8867,1,Discount customer
CUS8868,1,Discount customer
CUS8869,0,Mainstream customer
CUS887,0,Mainstream customer
CUS8870,0,Mainstream customer
CUS8871,0,Mainstream customer
CUS8872,0,Mainstream customer
CUS8873,0,Mainstream customer
CUS8874,1,Discount customer
CUS8875,2,Premium Bremen Niche
CUS8876,0,Mainstream customer
CUS8877,3,Urban Trendy Berlin
CUS8878,0,Mainstream customer
CUS8879,1,Discount customer
CUS888,0,Mainstream customer
CUS8880,0,Mainstream customer
CUS8881,0,Mainstream customer
CUS8882,0,Mainstream customer
CUS8883,0,Mainstream customer
CUS8884,1,Discount customer
CUS8885,1,Discount customer
CUS8886,0,Mainstream customer
CUS8887,0,Mainstream customer
CUS8888,0,Mainstream customer
CUS8889,1,Discount customer
CUS889,1,Discount customer
CUS8890,1,Discount customer
CUS8891,0,Mainstream customer
CUS8892,1,Discount customer
CUS8893,2,Premium Bremen Niche
CUS8894,0,Mainstream customer
CUS8895,0,Mainstream customer
CUS8896,0,Mainstream customer
CUS8897,1,Discount customer
CUS8898,1,Discount customer
CUS8899,1,Discount customer
CUS89,1,Discount customer
CUS890,0,Mainstream customer
CUS8900,1,Discount customer
CUS8901,1,Discount customer
CUS8902,0,Mainstream customer
CUS8903,0,Mainstream customer
CUS8904,0,Mainstream customer
CUS8905,0,Mainstream customer
CUS8906,1,Discount customer
CUS8907,0,Mainstream customer
CUS8908,0,Mainstream customer
CUS8909,0,Mainstream customer
CUS891,1,Discount customer
CUS8910,1,Discount customer
CUS8911,0,Mainstream customer
CUS8912,0,Mainstream customer
CUS8913,0,Mainstream customer
CUS8914,0,Mainstream customer
CUS8915,0,Mainstream customer
CUS8916,1,Discount customer
CUS8917,1,Discount customer
CUS8918,0,Mainstream customer
CUS8919,0,Mainstream customer
CUS892,1,Discount customer
CUS8920,0,Mainstream customer
CUS8921,3,Urban Trendy Berlin
CUS8922,1,Discount customer
CUS8923,0,Mainstream customer
CUS8924,1,Discount customer
CUS8925,0,Mainstream customer
CUS8926,0,Mainstream customer
CUS8927,0,Mainstream customer
CUS8928,1,Discount customer
CUS8929,0,Mainstream customer
CUS893,0,Mainstream customer
CUS8930,0,Mainstream customer
CUS8931,1,Discount customer
CUS8932,1,Discount customer
CUS8933,0,Mainstream customer
CUS8934,1,Discount customer
CUS8935,0,Mainstream customer
CUS8936,0,Mainstream customer
CUS8937,0,Mainstream customer
CUS8938,0,Mainstream customer
CUS8939,1,Discount customer
CUS894,1,Discount customer
CUS8940,0,Mainstream customer
CUS8941,1,Discount customer
CUS8942,1,Discount customer
CUS8943,1,Discount customer
CUS8944,0,Mainstream customer
CUS8945,0,Mainstream customer
CUS8946,0,Mainstream customer
CUS8947,1,Discount customer
CUS8948,0,Mainstream customer
CUS8949,0,Mainstream customer
CUS895,0,Mainstream customer
CUS8950,1,Discount customer
CUS8951,0,Mainstream customer
CUS8952,0,Mainstream customer
CUS8953,0,Mainstream customer
CUS8954,1,Discount customer
CUS8955,0,Mainstream customer
CUS8956,0,Mainstream customer
CUS8957,0,Mainstream customer
CUS8958,0,Mainstream customer
CUS8959,0,Mainstream customer
CUS896,1,Discount customer
CUS8960,0,Mainstream customer
CUS8961,0,Mainstream customer
CUS8962,0,Mainstream customer
CUS8963,0,Mainstream customer
CUS8964,0,Mainstream customer
CUS8965,1,Discount customer
CUS8966,2,Premium Bremen Niche
CUS8967,1,Discount customer
CUS8968,1,Discount customer
CUS8969,0,Mainstream customer
CUS897,0,Mainstream customer
CUS8970,1,Discount customer
CUS8971,1,Discount customer
CUS8972,1,Discount customer
CUS8973,0,Mainstream customer
CUS8974,0,Mainstream customer
CUS8975,1,Discount customer
CUS8976,1,Discount customer
CUS8977,0,Mainstream customer
CUS8978,1,Discount customer
CUS8979,0,Mainstream customer
CUS898,0,Mainstream customer
CUS8980,1,Discount customer
CUS8981,3,Urban Trendy Berlin
CUS8982,0,Mainstream customer
CUS8983,0,Mainstream customer
CUS8984,0,Mainstream customer
CUS8985,2,Premium Bremen Niche
CUS8986,0,Mainstream customer
CUS8987,1,Discount customer
CUS8988,0,Mainstream customer
CUS8989,0,Mainstream customer
CUS899,0,Mainstream customer
CUS8990,1,Discount customer
CUS8991,0,Mainstream customer
CUS8992,0,Mainstream customer
CUS8993,0,Mainstream customer
CUS8994,1,Discount customer
CUS8995,0,Mainstream customer
CUS8996,0,Mainstream customer
CUS8997,0,Mainstream customer
CUS8998,0,Mainstream customer
CUS8999,0,Mainstream customer
CUS9,0,Mainstream customer
CUS90,0,Mainstream customer
CUS900,1,Discount customer
CUS9000,1,Discount customer
CUS9001,0,Mainstream customer
CUS9002,0,Mainstream customer
CUS9003,0,Mainstream customer
CUS9004,1,Discount customer
CUS9005,0,Mainstream customer
CUS9006,0,Mainstream customer
CUS9007,0,Mainstream customer
CUS9008,0,Mainstream customer
CUS9009,0,Mainstream customer
CUS901,0,Mainstream customer
CUS9010,1,Discount customer
CUS9011,0,Mainstream customer
CUS9012,0,Mainstream customer
CUS9013,0,Mainstream customer
CUS9014,1,Discount customer
CUS9015,0,Mainstream customer
CUS9016,0,Mainstream customer
CUS9017,1,Discount customer
CUS9018,1,Discount customer
CUS9019,0,Mainstream customer
CUS902,0,Mainstream customer
CUS9020,0,Mainstream customer
CUS9021,0,Mainstream customer
CUS9022,1,Discount customer
CUS9023,1,Discount customer
CUS9024,0,Mainstream customer
CUS9025,0,Mainstream customer
CUS9026,0,Mainstream customer
CUS9027,3,Urban Trendy Berlin
CUS9028,0,Mainstream customer
CUS9029,1,Discount customer
CUS903,1,Discount customer
CUS9030,1,Discount customer
CUS9031,1,Discount customer
CUS9032,0,Mainstream customer
CUS9033,0,Mainstream customer
CUS9034,1,Discount customer
CUS9035,0,Mainstream customer
CUS9036,1,Discount customer
CUS9037,1,Discount customer
CUS9038,0,Mainstream customer
CUS9039,2,Premium Bremen Niche
CUS904,1,Discount customer
CUS9040,0,Mainstream customer
CUS9041,0,Mainstream customer
CUS9042,0,Mainstream customer
CUS9043,0,Mainstream customer
CUS9044,1,Discount customer
CUS9045,0,Mainstream customer
CUS9046,0,Mainstream customer
CUS9047,0,Mainstream customer
CUS9048,0,Mainstream customer
CUS9049,0,Mainstream customer
CUS905,0,Mainstream customer
CUS9050,0,Mainstream customer
CUS9051,1,Discount customer
CUS9052,1,Discount customer
CUS9053,0,Mainstream customer
CUS9054,1,Discount customer
CUS9055,1,Discount customer
CUS9056,0,Mainstream customer
CUS9057,0,Mainstream customer
CUS9058,1,Discount customer
CUS9059,0,Mainstream customer
CUS906,0,Mainstream customer
CUS9060,1,Discount customer
CUS9061,0,Mainstream customer
CUS9062,1,Discount customer
CUS9063,0,Mainstream customer
CUS9064,0,Mainstream customer
CUS9065,1,Discount customer
CUS9066,1,Discount customer
CUS9067,0,Mainstream customer
CUS9068,1,Discount customer
CUS9069,0,Mainstream customer
CUS907,0,Mainstream customer
CUS9070,1,Discount customer
CUS9071,1,Discount customer
CUS9072,1,Discount customer
CUS9073,1,Discount customer
CUS9074,0,Mainstream customer
CUS9075,1,Discount customer
CUS9076,0,Mainstream customer
CUS9077,1,Discount customer
CUS9078,0,Mainstream customer
CUS9079,0,Mainstream customer
CUS908,0,Mainstream customer
CUS9080,0,Mainstream customer
CUS9081,0,Mainstream customer
CUS9082,2,Premium Bremen Niche
CUS9083,0,Mainstream customer
CUS9084,0,Mainstream customer
CUS9085,0,Mainstream customer
CUS9086,0,Mainstream customer
CUS9087,0,Mainstream customer
CUS9088,1,Discount customer
CUS9089,0,Mainstream customer
CUS909,0,Mainstream customer
CUS9090,0,Mainstream customer
CUS9091,0,Mainstream customer
CUS9092,1,Discount customer
CUS9093,1,Discount customer
CUS9094,0,Mainstream customer
CUS9095,0,Mainstream customer
CUS9096,0,Mainstream customer
CUS9097,0,Mainstream customer
CUS9098,1,Discount customer
CUS9099,3,Urban Trendy Berlin
CUS91,0,Mainstream customer
CUS910,0,Mainstream customer
CUS9100,0,Mainstream customer
CUS9101,0,Mainstream customer
CUS9102,0,Mainstream customer
CUS9103,0,Mainstream customer
CUS9104,0,Mainstream customer
CUS9105,0,Mainstream customer
CUS9106,2,Premium Bremen Niche
CUS9107,0,Mainstream customer
CUS9108,1,Discount customer
CUS9109,0,Mainstream customer
CUS911,1,Discount customer
CUS9110,1,Discount customer
CUS9111,0,Mainstream customer
CUS9112,1,Discount customer
CUS9113,0,Mainstream customer
CUS9114,0,Mainstream customer
CUS9115,0,Mainstream customer
CUS9116,1,Discount customer
CUS9117,1,Discount customer
CUS9118,1,Discount customer
CUS9119,0,Mainstream customer
CUS912,3,Urban Trendy Berlin
CUS9120,0,Mainstream customer
CUS9121,1,Discount customer
CUS9122,1,Discount customer
CUS9123,1,Discount customer
CUS9124,1,Discount customer
CUS9125,0,Mainstream customer
CUS9126,0,Mainstream customer
CUS9127,0,Mainstream customer
CUS9128,0,Mainstream customer
CUS9129,0,Mainstream customer
CUS913,1,Discount customer
CUS9130,1,Discount customer
CUS9131,0,Mainstream customer
CUS9132,0,Mainstream customer
CUS9133,1,Discount customer
CUS9134,0,Mainstream customer
CUS9135,1,Discount customer
CUS9136,0,Mainstream customer
CUS9137,0,Mainstream customer
CUS9138,0,Mainstream customer
CUS9139,0,Mainstream customer
CUS914,1,Discount customer
CUS9140,0,Mainstream customer
CUS9141,1,Discount customer
CUS9142,1,Discount customer
CUS9143,1,Discount customer
CUS9144,3,Urban Trendy Berlin
CUS9145,1,Discount customer
CUS9146,1,Discount customer
CUS9147,0,Mainstream customer
CUS9148,0,Mainstream customer
CUS9149,0,Mainstream customer
CUS915,1,Discount customer
CUS9150,0,Mainstream customer
CUS9151,1,Discount customer
CUS9152,1,Discount customer
CUS9153,0,Mainstream customer
CUS9154,1,Discount customer
CUS9155,0,Mainstream customer
CUS9156,0,Mainstream customer
CUS9157,0,Mainstream customer
CUS9158,0,Mainstream customer
CUS9159,1,Discount customer
CUS916,1,Discount customer
CUS9160,1,Discount customer
CUS9161,0,Mainstream customer
CUS9162,0,Mainstream customer
CUS9163,1,Discount customer
CUS9164,1,Discount customer
CUS9165,0,Mainstream customer
CUS9166,1,Discount customer
CUS9167,1,Discount customer
CUS9168,0,Mainstream customer
CUS9169,1,Discount customer
CUS917,0,Mainstream customer
CUS9170,0,Mainstream customer
CUS9171,0,Mainstream customer
CUS9172,0,Mainstream customer
CUS9173,0,Mainstream customer
CUS9174,0,Mainstream customer
CUS9175,0,Mainstream customer
CUS9176,0,Mainstream customer
CUS9177,0,Mainstream customer
CUS9178,0,Mainstream customer
CUS9179,1,Discount customer
CUS918,1,Discount customer
CUS9180,0,Mainstream customer
CUS9181,1,Discount customer
CUS9182,1,Discount customer
CUS9183,0,Mainstream customer
CUS9184,0,Mainstream customer
CUS9185,1,Discount customer
CUS9186,0,Mainstream customer
CUS9187,0,Mainstream customer
CUS9188,2,Premium Bremen Niche
CUS9189,1,Discount customer
CUS919,1,Discount customer
CUS9190,0,Mainstream customer
CUS9191,0,Mainstream customer
CUS9192,1,Discount customer
CUS9193,0,Mainstream customer
CUS9194,0,Mainstream customer
CUS9195,1,Discount customer
CUS9196,1,Discount customer
CUS9197,0,Mainstream customer
CUS9198,1,Discount customer
CUS9199,1,Discount customer
CUS92,0,Mainstream customer
CUS920,3,Urban Trendy Berlin
CUS9200,0,Mainstream customer
CUS9201,1,Discount customer
CUS9202,0,Mainstream customer
CUS9203,0,Mainstream customer
CUS9204,0,Mainstream customer
CUS9205,0,Mainstream customer
CUS9206,0,Mainstream customer
CUS9207,0,Mainstream customer
CUS9208,0,Mainstream customer
CUS9209,0,Mainstream customer
CUS921,0,Mainstream customer
CUS9210,0,Mainstream customer
CUS9211,0,Mainstream customer
CUS9212,2,Premium Bremen Niche
CUS9213,0,Mainstream customer
CUS9214,0,Mainstream customer
CUS9215,0,Mainstream customer
CUS9216,1,Discount customer
CUS9217,0,Mainstream customer
CUS9218,0,Mainstream customer
CUS9219,1,Discount customer
CUS922,0,Mainstream customer
CUS9220,0,Mainstream customer
CUS9221,0,Mainstream customer
CUS9222,0,Mainstream customer
CUS9223,1,Discount customer
CUS9224,0,Mainstream customer
CUS9225,1,Discount customer
CUS9226,0,Mainstream customer
CUS9227,0,Mainstream customer
CUS9228,0,Mainstream customer
CUS9229,0,Mainstream customer
CUS923,0,Mainstream customer
CUS9230,0,Mainstream customer
CUS9231,0,Mainstream customer
CUS9232,0,Mainstream customer
CUS9233,1,Discount customer
CUS9234,0,Mainstream customer
CUS9235,0,Mainstream customer
CUS9236,1,Discount customer
CUS9237,1,Discount customer
CUS9238,1,Discount customer
CUS9239,1,Discount customer
CUS924,0,Mainstream customer
CUS9240,0,Mainstream customer
CUS9241,1,Discount customer
CUS9242,1,Discount customer
CUS9243,2,Premium Bremen Niche
CUS9244,0,Mainstream customer
CUS9245,0,Mainstream customer
CUS9246,1,Discount customer
CUS9247,0,Mainstream customer
CUS9248,0,Mainstream customer
CUS9249,0,Mainstream customer
CUS925,1,Discount customer
CUS9250,0,Mainstream customer
CUS9251,0,Mainstream customer
CUS9252,0,Mainstream customer
CUS9253,0,Mainstream customer
CUS9254,1,Discount customer
CUS9255,1,Discount customer
CUS9256,1,Discount customer
CUS9257,0,Mainstream customer
CUS9258,2,Premium Bremen Niche
CUS9259,0,Mainstream customer
CUS926,1,Discount customer
CUS9260,0,Mainstream customer
CUS9261,1,Discount customer
CUS9262,0,Mainstream customer
CUS9263,0,Mainstream customer
CUS9264,0,Mainstream customer
CUS9265,0,Mainstream customer
CUS9266,1,Discount customer
CUS9267,0,Mainstream customer
CUS9268,0,Mainstream customer
CUS9269,1,Discount customer
CUS927,0,Mainstream customer
CUS9270,0,Mainstream customer
CUS9271,0,Mainstream customer
CUS9272,0,Mainstream customer
CUS9273,0,Mainstream customer
CUS9274,1,Discount customer
CUS9275,1,Discount customer
CUS9276,0,Mainstream customer
CUS9277,1,Discount customer
CUS9278,0,Mainstream customer
CUS9279,1,Discount customer
CUS928,0,Mainstream customer
CUS9280,0,Mainstream customer
CUS9281,1,Discount customer
CUS9282,0,Mainstream customer
CUS9283,0,Mainstream customer
CUS9284,0,Mainstream customer
CUS9285,1,Discount customer
CUS9286,0,Mainstream customer
CUS9287,0,Mainstream customer
CUS9288,0,Mainstream customer
CUS9289,1,Discount customer
CUS929,0,Mainstream customer
CUS9290,1,Discount customer
CUS9291,0,Mainstream customer
CUS9292,0,Mainstream customer
CUS9293,0,Mainstream customer
CUS9294,0,Mainstream customer
CUS9295,0,Mainstream customer
CUS9296,0,Mainstream customer
CUS9297,0,Mainstream customer
CUS9298,0,Mainstream customer
CUS9299,0,Mainstream customer
CUS93,0,Mainstream customer
CUS930,0,Mainstream customer
CUS9300,0,Mainstream customer
CUS9301,0,Mainstream customer
CUS9302,0,Mainstream customer
CUS9303,0,Mainstream customer
CUS9304,0,Mainstream customer
CUS9305,0,Mainstream customer
CUS9306,0,Mainstream customer
CUS9307,1,Discount customer
CUS9308,0,Mainstream customer
CUS9309,0,Mainstream customer
CUS931,0,Mainstream customer
CUS9310,1,Discount customer
CUS9311,0,Mainstream customer
CUS9312,3,Urban Trendy Berlin
CUS9313,0,Mainstream customer
CUS9314,2,Premium Bremen Niche
CUS9315,0,Mainstream customer
CUS9316,0,Mainstream customer
CUS9317,0,Mainstream customer
CUS9318,0,Mainstream customer
CUS9319,0,Mainstream customer
CUS932,0,Mainstream customer
CUS9320,0,Mainstream customer
CUS9321,3,Urban Trendy Berlin
CUS9322,1,Discount customer
CUS9323,0,Mainstream customer
CUS9324,1,Discount customer
CUS9325,0,Mainstream customer
CUS9326,1,Discount customer
CUS9327,0,Mainstream customer
CUS9328,1,Discount customer
CUS9329,0,Mainstream customer
CUS933,1,Discount customer
CUS9330,0,Mainstream customer
CUS9331,0,Mainstream customer
CUS9332,1,Discount customer
CUS9333,0,Mainstream customer
CUS9334,0,Mainstream customer
CUS9335,0,Mainstream customer
CUS9336,1,Discount customer
CUS9337,0,Mainstream customer
CUS9338,0,Mainstream customer
CUS9339,0,Mainstream customer
CUS934,1,Discount customer
CUS9340,0,Mainstream customer
CUS9341,0,Mainstream customer
CUS9342,0,Mainstream customer
CUS9343,0,Mainstream customer
CUS9344,0,Mainstream customer
CUS9345,1,Discount customer
CUS9346,1,Discount customer
CUS9347,1,Discount customer
CUS9348,1,Discount customer
CUS9349,0,Mainstream customer
CUS935,1,Discount customer
CUS9350,0,Mainstream customer
CUS9351,1,Discount customer
CUS9352,0,Mainstream customer
CUS9353,0,Mainstream customer
CUS9354,1,Discount customer
CUS9355,2,Premium Bremen Niche
CUS9356,0,Mainstream customer
CUS9357,0,Mainstream customer
CUS9358,0,Mainstream customer
CUS9359,1,Discount customer
CUS936,1,Discount customer
CUS9360,1,Discount customer
CUS9361,0,Mainstream customer
CUS9362,0,Mainstream customer
CUS9363,1,Discount customer
CUS9364,1,Discount customer
CUS9365,0,Mainstream customer
CUS9366,0,Mainstream customer
CUS9367,0,Mainstream customer
CUS9368,0,Mainstream customer
CUS9369,0,Mainstream customer
CUS937,0,Mainstream customer
CUS9370,1,Discount customer
CUS9371,1,Discount customer
CUS9372,0,Mainstream customer
CUS9373,1,Discount customer
CUS9374,0,Mainstream customer
CUS9375,0,Mainstream customer
CUS9376,0,Mainstream customer
CUS9377,0,Mainstream customer
CUS9378,0,Mainstream customer
CUS9379,0,Mainstream customer
CUS938,0,Mainstream customer
CUS9380,1,Discount customer
CUS9381,0,Mainstream customer
CUS9382,0,Mainstream customer
CUS9383,0,Mainstream customer
CUS9384,0,Mainstream customer
CUS9385,0,Mainstream customer
CUS9386,0,Mainstream customer
CUS9387,0,Mainstream customer
CUS9388,0,Mainstream customer
CUS9389,1,Discount customer
CUS939,0,Mainstream customer
CUS9390,0,Mainstream customer
CUS9391,0,Mainstream customer
CUS9392,0,Mainstream customer
CUS9393,0,Mainstream customer
CUS9394,1,Discount customer
CUS9395,1,Discount customer
CUS9396,0,Mainstream customer
CUS9397,0,Mainstream customer
CUS9398,0,Mainstream customer
CUS9399,2,Premium Bremen Niche
CUS94,0,Mainstream customer
CUS940,1,Discount customer
CUS9400,0,Mainstream customer
CUS9401,1,Discount customer
CUS9402,1,Discount customer
CUS9403,0,Mainstream customer
CUS9404,1,Discount customer
CUS9405,1,Discount customer
CUS9406,2,Premium Bremen Niche
CUS9407,0,Mainstream customer
CUS9408,1,Discount customer
CUS9409,0,Mainstream customer
CUS941,0,Mainstream customer
CUS9410,0,Mainstream customer
CUS9411,0,Mainstream customer
CUS9412,0,Mainstream customer
CUS9413,0,Mainstream customer
CUS9414,0,Mainstream customer
CUS9415,0,Mainstream customer
CUS9416,0,Mainstream customer
CUS9417,0,Mainstream customer
CUS9418,1,Discount customer
CUS9419,1,Discount customer
CUS942,1,Discount customer
CUS9420,2,Premium Bremen Niche
CUS9421,1,Discount customer
CUS9422,1,Discount customer
CUS9423,1,Discount customer
CUS9424,1,Discount customer
CUS9425,0,Mainstream customer
CUS9426,0,Mainstream customer
CUS9427,1,Discount customer
CUS9428,3,Urban Trendy Berlin
CUS9429,0,Mainstream customer
CUS943,0,Mainstream customer
CUS9430,0,Mainstream customer
CUS9431,1,Discount customer
CUS9432,0,Mainstream customer
CUS9433,0,Mainstream customer
CUS9434,0,Mainstream customer
CUS9435,0,Mainstream customer
CUS9436,0,Mainstream customer
CUS9437,3,Urban Trendy Berlin
CUS9438,2,Premium Bremen Niche
CUS9439,0,Mainstream customer
CUS944,3,Urban Trendy Berlin
CUS9440,1,Discount customer
CUS9441,0,Mainstream customer
CUS9442,0,Mainstream customer
CUS9443,0,Mainstream customer
CUS9444,0,Mainstream customer
CUS9445,3,Urban Trendy Berlin
CUS9446,0,Mainstream customer
CUS9447,1,Discount customer
CUS9448,1,Discount customer
CUS9449,1,Discount customer
CUS945,1,Discount customer
CUS9450,0,Mainstream customer
CUS9451,0,Mainstream customer
CUS9452,1,Discount customer
CUS9453,0,Mainstream customer
CUS9454,0,Mainstream customer
CUS9455,0,Mainstream customer
CUS9456,0,Mainstream customer
CUS9457,0,Mainstream customer
CUS9458,0,Mainstream customer
CUS9459,0,Mainstream customer
CUS946,1,Discount customer
CUS9460,1,Discount customer
CUS9461,1,Discount customer
CUS9462,0,Mainstream customer
CUS9463,0,Mainstream customer
CUS9464,0,Mainstream customer
CUS9465,1,Discount customer
CUS9466,0,Mainstream customer
CUS9467,1,Discount customer
CUS9468,0,Mainstream customer
CUS9469,0,Mainstream customer
CUS947,1,Discount customer
CUS9470,0,Mainstream customer
CUS9471,0,Mainstream customer
CUS9472,1,Discount customer
CUS9473,0,Mainstream customer
CUS9474,1,Discount customer
CUS9475,0,Mainstream customer
CUS9476,0,Mainstream customer
CUS9477,0,Mainstream customer
CUS9478,1,Discount customer
CUS9479,0,Mainstream customer
CUS948,1,Discount customer
CUS9480,1,Discount customer
CUS9481,1,Discount customer
CUS9482,0,Mainstream customer
CUS9483,0,Mainstream customer
CUS9484,0,Mainstream customer
CUS9485,0,Mainstream customer
CUS9486,0,Mainstream customer
CUS9487,0,Mainstream customer
CUS9488,0,Mainstream customer
CUS9489,1,Discount customer
CUS949,0,Mainstream customer
CUS9490,0,Mainstream customer
CUS9491,1,Discount customer
CUS9492,0,Mainstream customer
CUS9493,1,Discount customer
CUS9494,1,Discount customer
CUS9495,0,Mainstream customer
CUS9496,0,Mainstream customer
CUS9497,0,Mainstream customer
CUS9498,0,Mainstream customer
CUS9499,0,Mainstream customer
CUS95,1,Discount customer
CUS950,0,Mainstream customer
CUS9500,0,Mainstream customer
CUS9501,0,Mainstream customer
CUS9502,3,Urban Trendy Berlin
CUS9503,0,Mainstream customer
CUS9504,0,Mainstream customer
CUS9505,1,Discount customer
CUS9506,1,Discount customer
CUS9507,0,Mainstream customer
CUS9508,0,Mainstream customer
CUS9509,1,Discount customer
CUS951,1,Discount customer
CUS9510,0,Mainstream customer
CUS9511,1,Discount customer
CUS9512,0,Mainstream customer
CUS9513,0,Mainstream customer
CUS9514,0,Mainstream customer
CUS9515,0,Mainstream customer
CUS9516,0,Mainstream customer
CUS9517,1,Discount customer
CUS9518,1,Discount customer
CUS9519,0,Mainstream customer
CUS952,0,Mainstream customer
CUS9520,0,Mainstream customer
CUS9521,0,Mainstream customer
CUS9522,0,Mainstream customer
CUS9523,0,Mainstream customer
CUS9524,1,Discount customer
CUS9525,0,Mainstream customer
CUS9526,0,Mainstream customer
CUS9527,1,Discount customer
CUS9528,0,Mainstream customer
CUS9529,3,Urban Trendy Berlin
CUS953,0,Mainstream customer
CUS9530,1,Discount customer
CUS9531,0,Mainstream customer
CUS9532,0,Mainstream customer
CUS9533,0,Mainstream customer
CUS9534,0,Mainstream customer
CUS9535,1,Discount customer
CUS9536,0,Mainstream customer
CUS9537,0,Mainstream customer
CUS9538,0,Mainstream customer
CUS9539,0,Mainstream customer
CUS954,0,Mainstream customer
CUS9540,0,Mainstream customer
CUS9541,0,Mainstream customer
CUS9542,0,Mainstream customer
CUS9543,0,Mainstream customer
CUS9544,0,Mainstream customer
CUS9545,0,Mainstream customer
CUS9546,0,Mainstream customer
CUS9547,0,Mainstream customer
CUS9548,0,Mainstream customer
CUS9549,0,Mainstream customer
CUS955,0,Mainstream customer
CUS9550,0,Mainstream customer
CUS9551,1,Discount customer
CUS9552,1,Discount customer
CUS9553,0,Mainstream customer
CUS9554,0,Mainstream customer
CUS9555,1,Discount customer
CUS9556,1,Discount customer
CUS9557,1,Discount customer
CUS9558,3,Urban Trendy Berlin
CUS9559,0,Mainstream customer
CUS956,0,Mainstream customer
CUS9560,1,Discount customer
CUS9561,2,Premium Bremen Niche
CUS9562,0,Mainstream customer
CUS9563,1,Discount customer
CUS9564,1,Discount customer
CUS9565,1,Discount customer
CUS9566,0,Mainstream customer
CUS9567,1,Discount customer
CUS9568,1,Discount customer
CUS9569,0,Mainstream customer
CUS957,0,Mainstream customer
CUS9570,0,Mainstream customer
CUS9571,0,Mainstream customer
CUS9572,0,Mainstream customer
CUS9573,1,Discount customer
CUS9574,1,Discount customer
CUS9575,0,Mainstream customer
CUS9576,1,Discount customer
CUS9577,0,Mainstream customer
CUS9578,0,Mainstream customer
CUS9579,0,Mainstream customer
CUS958,0,Mainstream customer
CUS9580,0,Mainstream customer
CUS9581,0,Mainstream customer
CUS9582,0,Mainstream customer
CUS9583,0,Mainstream customer
CUS9584,1,Discount customer
CUS9585,1,Discount customer
CUS9586,0,Mainstream customer
CUS9587,0,Mainstream customer
CUS9588,0,Mainstream customer
CUS9589,0,Mainstream customer
CUS959,0,Mainstream customer
CUS9590,1,Discount customer
CUS9591,1,Discount customer
CUS9592,1,Discount customer
CUS9593,1,Discount customer
CUS9594,0,Mainstream customer
CUS9595,1,Discount customer
CUS9596,0,Mainstream customer
CUS9597,1,Discount customer
CUS9598,0,Mainstream customer
CUS9599,1,Discount customer
CUS96,0,Mainstream customer
CUS960,0,Mainstream customer
CUS9600,0,Mainstream customer
CUS9601,0,Mainstream customer
CUS9602,0,Mainstream customer
CUS9603,1,Discount customer
CUS9604,1,Discount customer
CUS9605,0,Mainstream customer
CUS9606,0,Mainstream customer
CUS9607,0,Mainstream customer
CUS9608,0,Mainstream customer
CUS9609,2,Premium Bremen Niche
CUS961,0,Mainstream customer
CUS9610,0,Mainstream customer
CUS9611,0,Mainstream customer
CUS9612,0,Mainstream customer
CUS9613,1,Discount customer
CUS9614,0,Mainstream customer
CUS9615,0,Mainstream customer
CUS9616,0,Mainstream customer
CUS9617,0,Mainstream customer
CUS9618,1,Discount customer
CUS9619,0,Mainstream customer
CUS962,3,Urban Trendy Berlin
CUS9620,1,Discount customer
CUS9621,0,Mainstream customer
CUS9622,0,Mainstream customer
CUS9623,0,Mainstream customer
CUS9624,1,Discount customer
CUS9625,1,Discount customer
CUS9626,0,Mainstream customer
CUS9627,0,Mainstream customer
CUS9628,1,Discount customer
CUS9629,0,Mainstream customer
CUS963,1,Discount customer
CUS9630,1,Discount customer
CUS9631,0,Mainstream customer
CUS9632,3,Urban Trendy Berlin
CUS9633,1,Discount customer
CUS9634,1,Discount customer
CUS9635,1,Discount customer
CUS9636,1,Discount customer
CUS9637,0,Mainstream customer
CUS9638,1,Discount customer
CUS9639,0,Mainstream customer
CUS964,0,Mainstream customer
CUS9640,1,Discount customer
CUS9641,0,Mainstream customer
CUS9642,2,Premium Bremen Niche
CUS9643,0,Mainstream customer
CUS9644,0,Mainstream customer
CUS9645,0,Mainstream customer
CUS9646,0,Mainstream customer
CUS9647,0,Mainstream customer
CUS9648,1,Discount customer
CUS9649,0,Mainstream customer
CUS965,0,Mainstream customer
CUS9650,0,Mainstream customer
CUS9651,1,Discount customer
CUS9652,0,Mainstream customer
CUS9653,0,Mainstream customer
CUS9654,0,Mainstream customer
CUS9655,0,Mainstream customer
CUS9656,0,Mainstream customer
CUS9657,1,Discount customer
CUS9658,1,Discount customer
CUS9659,0,Mainstream customer
CUS966,1,Discount customer
CUS9660,0,Mainstream customer
CUS9661,0,Mainstream customer
CUS9662,0,Mainstream customer
CUS9663,0,Mainstream customer
CUS9664,0,Mainstream customer
CUS9665,0,Mainstream customer
CUS9666,0,Mainstream customer
CUS9667,0,Mainstream customer
CUS9668,0,Mainstream customer
CUS9669,0,Mainstream customer
CUS967,0,Mainstream customer
CUS9670,0,Mainstream customer
CUS9671,1,Discount customer
CUS9672,0,Mainstream customer
CUS9673,0,Mainstream customer
CUS9674,0,Mainstream customer
CUS9675,1,Discount customer
CUS9676,1,Discount customer
CUS9677,0,Mainstream customer
CUS9678,0,Mainstream customer
CUS9679,1,Discount customer
CUS968,3,Urban Trendy Berlin
CUS9680,1,Discount customer
CUS9681,1,Discount customer
CUS9682,0,Mainstream customer
CUS9683,0,Mainstream customer
CUS9684,0,Mainstream customer
CUS9685,1,Discount customer
CUS9686,1,Discount customer
CUS9687,1,Discount customer
CUS9688,1,Discount customer
CUS9689,0,Mainstream customer
CUS969,0,Mainstream customer
CUS9690,0,Mainstream customer
CUS9691,0,Mainstream customer
CUS9692,1,Discount customer
CUS9693,0,Mainstream customer
CUS9694,1,Discount customer
CUS9695,1,Discount customer
CUS9696,0,Mainstream customer
CUS9697,1,Discount customer
CUS9698,1,Discount customer
CUS9699,0,Mainstream customer
CUS97,0,Mainstream customer
CUS970,1,Discount customer
CUS9700,0,Mainstream customer
CUS9701,0,Mainstream customer
CUS9702,0,Mainstream customer
CUS9703,0,Mainstream customer
CUS9704,0,Mainstream customer
CUS9705,0,Mainstream customer
CUS9706,1,Discount customer
CUS9707,0,Mainstream customer
CUS9708,0,Mainstream customer
CUS9709,0,Mainstream customer
CUS971,1,Discount customer
CUS9710,0,Mainstream customer
CUS9711,1,Discount customer
CUS9712,0,Mainstream customer
CUS9713,0,Mainstream customer
CUS9714,1,Discount customer
CUS9715,0,Mainstream customer
CUS9716,0,Mainstream customer
CUS9717,0,Mainstream customer
CUS9718,0,Mainstream customer
CUS9719,0,Mainstream customer
CUS972,0,Mainstream customer
CUS9720,0,Mainstream customer
CUS9721,1,Discount customer
CUS9722,0,Mainstream customer
CUS9723,1,Discount customer
CUS9724,0,Mainstream customer
CUS9725,0,Mainstream customer
CUS9726,0,Mainstream customer
CUS9727,0,Mainstream customer
CUS9728,1,Discount customer
CUS9729,1,Discount customer
CUS973,1,Discount customer
CUS9730,1,Discount customer
CUS9731,1,Discount customer
CUS9732,1,Discount customer
CUS9733,0,Mainstream customer
CUS9734,0,Mainstream customer
CUS9735,0,Mainstream customer
CUS9736,0,Mainstream customer
CUS9737,0,Mainstream customer
CUS9738,0,Mainstream customer
CUS9739,0,Mainstream customer
CUS974,1,Discount customer
CUS9740,1,Discount customer
CUS9741,0,Mainstream customer
CUS9742,0,Mainstream customer
CUS9743,1,Discount customer
CUS9744,1,Discount customer
CUS9745,0,Mainstream customer
CUS9746,1,Discount customer
CUS9747,0,Mainstream customer
CUS9748,0,Mainstream customer
CUS9749,1,Discount customer
CUS975,3,Urban Trendy Berlin
CUS9750,1,Discount customer
CUS9751,0,Mainstream customer
CUS9752,0,Mainstream customer
CUS9753,1,Discount customer
CUS9754,0,Mainstream customer
CUS9755,0,Mainstream customer
CUS9756,1,Discount customer
CUS9757,1,Discount customer
CUS9758,0,Mainstream customer
CUS9759,3,Urban Trendy Berlin
CUS976,1,Discount customer
CUS9760,1,Discount customer
CUS9761,1,Discount customer
CUS9762,1,Discount customer
CUS9763,1,Discount customer
CUS9764,0,Mainstream customer
CUS9765,0,Mainstream customer
CUS9766,1,Discount customer
CUS9767,0,Mainstream customer
CUS9768,0,Mainstream customer
CUS9769,0,Mainstream customer
CUS977,3,Urban Trendy Berlin
CUS9770,0,Mainstream customer
CUS9771,0,Mainstream customer
CUS9772,0,Mainstream customer
CUS9773,0,Mainstream customer
CUS9774,0,Mainstream customer
CUS9775,0,Mainstream customer
CUS9776,0,Mainstream customer
CUS9777,0,Mainstream customer
CUS9778,3,Urban Trendy Berlin
CUS9779,0,Mainstream customer
CUS978,0,Mainstream customer
CUS9780,0,Mainstream customer
CUS9781,0,Mainstream customer
CUS9782,0,Mainstream customer
CUS9783,1,Discount customer
CUS9784,0,Mainstream customer
CUS9785,0,Mainstream customer
CUS9786,0,Mainstream customer
CUS9787,1,Discount customer
CUS9788,0,Mainstream customer
CUS9789,0,Mainstream customer
CUS979,0,Mainstream customer
CUS9790,1,Discount customer
CUS9791,0,Mainstream customer
CUS9792,0,Mainstream customer
CUS9793,0,Mainstream customer
CUS9794,1,Discount customer
CUS9795,0,Mainstream customer
CUS9796,1,Discount customer
CUS9797,1,Discount customer
CUS9798,0,Mainstream customer
CUS9799,0,Mainstream customer
CUS98,3,Urban Trendy Berlin
CUS980,0,Mainstream customer
CUS9800,0,Mainstream customer
CUS9801,0,Mainstream customer
CUS9802,1,Discount customer
CUS9803,0,Mainstream customer
CUS9804,0,Mainstream customer
CUS9805,1,Discount customer
CUS9806,2,Premium Bremen Niche
CUS9807,0,Mainstream customer
CUS9808,0,Mainstream customer
CUS9809,2,Premium Bremen Niche
CUS981,0,Mainstream customer
CUS9810,0,Mainstream customer
CUS9811,0,Mainstream customer
CUS9812,0,Mainstream customer
CUS9813,1,Discount customer
CUS9814,0,Mainstream customer
CUS9815,0,Mainstream customer
CUS9816,0,Mainstream customer
CUS9817,0,Mainstream customer
CUS9818,1,Discount customer
CUS9819,1,Discount customer
CUS982,0,Mainstream customer
CUS9820,0,Mainstream customer
CUS9821,0,Mainstream customer
CUS9822,0,Mainstream customer
CUS9823,0,Mainstream customer
CUS9824,0,Mainstream customer
CUS9825,1,Discount customer
CUS9826,1,Discount customer
CUS9827,0,Mainstream customer
CUS9828,2,Premium Bremen Niche
CUS9829,0,Mainstream customer
CUS983,1,Discount customer
CUS9830,1,Discount customer
CUS9831,0,Mainstream customer
CUS9832,0,Mainstream customer
CUS9833,0,Mainstream customer
CUS9834,0,Mainstream customer
CUS9835,0,Mainstream customer
CUS9836,2,Premium Bremen Niche
CUS9837,0,Mainstream customer
CUS9838,0,Mainstream customer
CUS9839,0,Mainstream customer
CUS984,0,Mainstream customer
CUS9840,0,Mainstream customer
CUS9841,1,Discount customer
CUS9842,2,Premium Bremen Niche
CUS9843,0,Mainstream customer
CUS9844,0,Mainstream customer
CUS9845,2,Premium Bremen Niche
CUS9846,0,Mainstream customer
CUS9847,1,Discount customer
CUS9848,1,Discount customer
CUS9849,0,Mainstream customer
CUS985,0,Mainstream customer
CUS9850,0,Mainstream customer
CUS9851,0,Mainstream customer
CUS9852,0,Mainstream customer
CUS9853,1,Discount customer
CUS9854,0,Mainstream customer
CUS9855,0,Mainstream customer
CUS9856,0,Mainstream customer
CUS9857,0,Mainstream customer
CUS9858,0,Mainstream customer
CUS9859,0,Mainstream customer
CUS986,0,Mainstream customer
CUS9860,0,Mainstream customer
CUS9861,1,Discount customer
CUS9862,0,Mainstream customer
CUS9863,1,Discount customer
CUS9864,0,Mainstream customer
CUS9865,0,Mainstream customer
CUS9866,1,Discount customer
CUS9867,2,Premium Bremen Niche
CUS9868,1,Discount customer
CUS9869,1,Discount customer
CUS987,1,Discount customer
CUS9870,0,Mainstream customer
CUS9871,0,Mainstream customer
CUS9872,1,Discount customer
CUS9873,0,Mainstream customer
CUS9874,1,Discount customer
CUS9875,0,Mainstream customer
CUS9876,0,Mainstream customer
CUS9877,0,Mainstream customer
CUS9878,0,Mainstream customer
CUS9879,1,Discount customer
CUS988,0,Mainstream customer
CUS9880,0,Mainstream customer
CUS9881,0,Mainstream customer
CUS9882,0,Mainstream customer
CUS9883,0,Mainstream customer
CUS9884,0,Mainstream customer
CUS9885,0,Mainstream customer
CUS9886,0,Mainstream customer
CUS9887,1,Discount customer
CUS9888,0,Mainstream customer
CUS9889,1,Discount customer
CUS989,0,Mainstream customer
CUS9890,0,Mainstream customer
CUS9891,0,Mainstream customer
CUS9892,0,Mainstream customer
CUS9893,0,Mainstream customer
CUS9894,0,Mainstream customer
CUS9895,0,Mainstream customer
CUS9896,1,Discount customer
CUS9897,1,Discount customer
CUS9898,1,Discount customer
CUS9899,1,Discount customer
CUS99,1,Discount customer
CUS990,1,Discount customer
CUS9900,0,Mainstream customer
CUS9901,0,Mainstream customer
CUS9902,0,Mainstream customer
CUS9903,0,Mainstream customer
CUS9904,0,Mainstream customer
CUS9905,0,Mainstream customer
CUS9906,0,Mainstream customer
CUS9907,0,Mainstream customer
CUS9908,1,Discount customer
CUS9909,1,Discount customer
CUS991,1,Discount customer
CUS9910,0,Mainstream customer
CUS9911,1,Discount customer
CUS9912,0,Mainstream customer
CUS9913,0,Mainstream customer
CUS9914,1,Discount customer
CUS9915,1,Discount customer
CUS9916,0,Mainstream customer
CUS9917,1,Discount customer
CUS9918,0,Mainstream customer
CUS9919,1,Discount customer
CUS992,0,Mainstream customer
CUS9920,1,Discount customer
CUS9921,1,Discount customer
CUS9922,1,Discount customer
CUS9923,1,Discount customer
CUS9924,0,Mainstream customer
CUS9925,0,Mainstream customer
CUS9926,0,Mainstream customer
CUS9927,1,Discount customer
CUS9928,2,Premium Bremen Niche
CUS9929,1,Discount customer
CUS993,0,Mainstream customer
CUS9930,0,Mainstream customer
CUS9931,0,Mainstream customer
CUS9932,1,Discount customer
CUS9933,0,Mainstream customer
CUS9934,1,Discount customer
CUS9935,0,Mainstream customer
CUS9936,1,Discount customer
CUS9937,0,Mainstream customer
CUS9938,0,Mainstream customer
CUS9939,1,Discount customer
CUS994,0,Mainstream customer
CUS9940,0,Mainstream customer
CUS9941,0,Mainstream customer
CUS9942,1,Discount customer
CUS9943,0,Mainstream customer
CUS9944,0,Mainstream customer
CUS9945,0,Mainstream customer
CUS9946,0,Mainstream customer
CUS9947,1,Discount customer
CUS9948,0,Mainstream customer
CUS9949,2,Premium Bremen Niche
CUS995,0,Mainstream customer
CUS9950,0,Mainstream customer
CUS9951,0,Mainstream customer
CUS9952,1,Discount customer
CUS9953,1,Discount customer
CUS9954,1,Discount customer
CUS9955,1,Discount customer
CUS9956,2,Premium Bremen Niche
CUS9957,0,Mainstream customer
CUS9958,0,Mainstream customer
CUS9959,3,Urban Trendy Berlin
CUS996,0,Mainstream customer
CUS9960,0,Mainstream customer
CUS9961,0,Mainstream customer
CUS9962,0,Mainstream customer
CUS9963,0,Mainstream customer
CUS9964,1,Discount customer
CUS9965,0,Mainstream customer
CUS9966,0,Mainstream customer
CUS9967,0,Mainstream customer
CUS9968,1,Discount customer
CUS9969,1,Discount customer
CUS997,0,Mainstream customer
CUS9970,1,Discount customer
CUS9971,1,Discount customer
CUS9972,0,Mainstream customer
CUS9973,0,Mainstream customer
CUS9974,1,Discount customer
CUS9975,1,Discount customer
CUS9976,0,Mainstream customer
CUS9977,1,Discount customer
CUS9978,1,Discount customer
CUS9979,0,Mainstream customer
CUS998,2,Premium Bremen Niche
CUS9980,0,Mainstream customer
CUS9981,1,Discount customer
CUS9982,0,Mainstream customer
CUS9983,1,Discount customer
CUS9984,1,Discount customer
CUS9985,0,Mainstream customer
CUS9986,0,Mainstream customer
CUS9987,0,Mainstream customer
CUS9988,0,Mainstream customer
CUS9989,1,Discount customer
CUS999,2,Premium Bremen Niche
CUS9990,0,Mainstream customer
CUS9991,0,Mainstream customer
CUS9992,1,Discount customer
CUS9993,0,Mainstream customer
CUS9994,0,Mainstream customer
CUS9995,0,Mainstream customer
CUS9996,0,Mainstream customer
CUS9997,0,Mainstream customer
CUS9998,0,Mainstream customer
CUS9999,1,Discount customer
